Bridge Opportunity: Project Code,Likelihood_of_Suitability
1009317,0.2545824212697461
1007325,0.8512072968012687
1007374,0.804398823399168
1007466,0.7325443032955467
1007495,0.9846154944144194
1007507,0.9873186133448799
1007525,0.8325468674685934
1007530,0.8118834562948327
1007535,0.8565625021840673
1007539,0.8572402773108841
1007544,0.841105760459093
1007563,0.5090698017496901
1007572,0.6458021107777491
1007580,0.8986167880464986
1007590,0.5131230232666896
1007609,0.9275884290725745
1009064,0.716353293544655
1009067,0.7140606125582545
1009068,0.716353293544655
1009311,0.5811701807178631
1009445,0.9971115215406999
1010941,0.8987065894885313
1011307,0.8501325785518749
1011309,0.8470861550449318
1012457,0.9948498352112557
1012480,0.8451175840397371
1012501,0.670581522613379
1012813,0.9651224864156437
1012817,0.9679537919838441
1012953,0.9780182671432549
1012986,0.906707033612676
1012997,0.89343337084589
1013218,0.9194482295532537
1013351,0.8891387806915122
1013353,0.9567119326872051
1013457,0.9889354658928353
1013541,0.8886512504090297
1013641,0.6576483640840649
1013652,0.8677561021182401
1013658,0.9754477900715938
1013662,0.9441106948784286
1017673,0.9940209423986207
RW104,0.744376071412425
RW127,0.509029220908013
1007342,0.8946042254677039
1007347,0.8801227527121986
1013678,0.4967343495192331
1015693,0.9695595550891749
1007340,0.616786830485539
1007387,0.9175770300597339
1007391,0.9408462622647067
1007412,0.933560539132501
1007423,0.8220625088119152
1007424,0.8065518569014035
1007426,0.6971739214347777
1007439,0.4616228688045548
1007444,0.5653742031866583
1007453,0.6961350119048061
1007455,
1007458,
1007463,0.904309794050396
1007465,0.9090238342327791
1007469,0.9839836192319452
1007471,0.8262619859107946
1007472,0.7325443032955465
1007473,0.9796130439480427
1007477,0.9040134242734152
1007491,0.8184826585069744
1007497,0.9576025507065168
1007499,0.9487843046632268
1007508,0.8043947671608145
1007515,0.7403500181667892
1007522,0.5073126628438746
1007528,0.8718479350030165
1007538,0.8572402773108841
1007548,0.31636073790683084
1007556,0.024110077381864676
1007557,0.33037390881988665
1007562,0.2687057016586497
1007570,0.857240277310884
1007582,0.6238708236774917
1007593,0.3534734806800343
1007599,0.7268058171234741
1007600,0.49638207850155763
1007604,0.5701371396238334
1007617,0.7254914555007295
1007620,0.17351551387878691
1007629,0.061715627388606795
1007630,0.9300836772357579
1007635,0.6667557864432058
1007636,0.706881618486471
1007637,0.7101121817861448
1007642,0.5619976719615006
1007647,0.9520897527276289
1007649,0.09397862023945946
1007660,0.002492746308792241
1007670,0.8964032410533135
1007672,0.8165578510853606
1007673,0.9858541914672591
1007676,0.94957046927124
1007898,0.3163644394294914
1007899,0.554421664041412
1008002,0.6709948528424625
1009066,0.9819725168059644
1009280,0.4230558157085455
1009296,0.8020624555354315
1009313,0.49593992681905713
1009426,0.7145598169387557
1009714,0.05237401097080389
1010422,0.9864237497400855
1010427,0.9718703926369164
1010917,0.9479155666991156
1010919,0.8902722030677722
1011301,0.9404329936517589
1011310,0.922906743046528
1012004,0.9852601371283931
1012433,0.7420588236372421
1012548,0.6692453834616324
1012550,0.565501537333285
1012800,0.17539882506395482
1012807,0.7067257966212834
1012809,0.7418402988727401
1012810,0.5923869472353568
1012811,0.4823749499251848
1012815,0.9455072135199724
1012816,0.9075635013895812
1012820,0.9062401302470594
1012823,0.9920206447682469
1012830,0.9600738265024116
1012831,0.9236506803384531
1012947,0.5606254092934166
1012948,0.5841226740124456
1012952,0.5490196021543025
1012956,0.6285126608395587
1012980,0.9054482305579028
1012983,0.82005472343962
1012984,0.8329028751422932
1013011,0.961943552674936
1013025,0.9050147782168719
1013029,0.405560975242483
1013214,0.941929750003213
1013220,0.8231986723465353
1013222,0.12245240498008188
1013225,0.9217901300294553
1013226,0.883183362163366
1013231,0.4085210918034786
1013233,0.1465331551965784
1013256,0.6629039278962452
1013263,0.9815459420683625
1013273,0.8804790478665893
1013275,0.684122580216766
1013281,0.5765432958194988
1013289,0.8540046836890823
1013349,0.8640867521626175
1013350,0.8384506568804565
1013364,0.4888005651381655
1013374,0.4492080571792471
1013377,0.49514337565556044
1013378,0.35973141243676315
1013392,0.5233816621728662
1013422,0.9122334099056456
1013451,0.834411201384771
1013452,0.9920206447682469
1013455,0.7604099511023027
1013461,0.8615443816449029
1013465,0.9582339319334233
1013476,0.7750177346893636
1013477,0.474457643198899
1013479,0.33345888047603234
1013491,0.7632002692479931
1013496,0.4699376573732174
1013539,0.6735492383953521
1013542,0.9489213737598765
1013547,0.9030107666678557
1013555,0.8100948394262615
1013561,0.7044628510544105
1013576,0.9410298108827104
1013583,0.8130315575682071
1013626,0.6943204544609122
1013628,0.9398972917897187
1013632,0.9889483123057249
1013639,0.9381967715722138
1013642,0.6868131860057468
1013645,0.9392638266016925
1013646,0.9933646556279928
1013647,0.9921157895531415
1013648,0.9902947335325102
1013654,0.985457293323646
1013661,0.9585761055510705
1013663,0.9499106486121444
1013668,0.9161716425969276
1013670,0.9094124325542869
1013672,0.9161716425969276
1013673,0.9193495413332996
1013680,0.980193947048693
1013683,0.9378056957639238
1013687,0.9098558211284471
1013717,0.8526344274898117
1013718,0.8247733773631972
1013719,0.8486425358085579
1013721,0.7988752900963684
1013736,0.32072230373520144
1013737,0.6920526941826992
1013747,0.682154925912363
1013761,0.6358506490742752
1013762,0.6882976519969936
1013773,0.687723658130314
1013774,0.6421617159675623
1013776,0.8043029125721891
1013786,0.5726070458099011
1013792,0.6016326926007307
1013805,0.9440373704717091
1013806,0.9300670290431332
1013873,0.8810209552111584
1013886,0.9728392540853471
1013892,0.9809103411868856
1013898,0.7757556646352153
1014006,0.4694135278076183
1014011,0.0036738676838318093
1014027,0.9106627740332293
1014038,0.9165899507593119
1014039,0.9156367860427507
1014054,0.992284348734203
1014059,0.9165899507593119
1014061,0.813524583265934
1014063,0.7175205774641622
1014064,0.9890106643926347
1014065,0.9890556344876712
1014066,0.992284348734203
1014067,0.78994409354427
1014068,0.9242595501767379
1014072,0.7367320356041741
1014076,0.993442097157618
1014083,0.9156367860427507
1014091,0.8424506925462834
1014094,0.9111555386451834
1014095,0.8298397893358249
1014099,0.007996088385803434
1014104,0.01843082984234256
1014119,0.9093304749630924
1014129,0.5639270281555123
1014134,0.9809103411868856
1014138,0.9650483738438856
1014149,0.20300772729409436
1014150,0.3289602693848644
1014152,0.7161302078373853
1014158,0.7304199508142617
1014250,
1014283,0.9878404479720123
1014290,0.9814893350072438
1014292,0.02930336343495613
1014293,0.6717254094403394
1014310,0.10477009704834168
1014312,0.033302584010673694
1014318,0.8883488973798983
1014322,0.870215222218061
1014330,0.16760158509126874
1014335,0.15659374094773287
1014374,0.914661333808804
1014375,0.9114483886963941
1014376,0.9113582696277165
1014406,
1014554,0.5937253896593397
1014555,0.5956500573950584
1014556,0.5956500573950584
1021789,0.873299286938602
1021923,0.9989349838116715
1022230,0.9625619722355199
1022231,0.9625619722355199
1022387,0.8695122129742064
1022388,0.9066552679207663
1023609,0.7691512890955944
1007380,0.9838664862309173
1007425,0.7893578052036814
1007651,0.9698747242249917
1013215,0.9567276141379207
1013339,0.9642013970550127
1013459,0.8763229263572505
1013460,0.761669446469005
1013568,0.9836207034401497
1013692,0.6196277748961513
1013777,0.9922036371668453
1013867,0.9227635912203495
1013894,0.8237623173760111
1013895,0.9771053775620964
1013899,0.8275747672189097
1014052,0.8858492039074993
1014269,0.4825570503547113
1022905,0.8022776956871466
1024587,0.907014951163548
1007327,0.8971494501913014
1007328,0.535335509874571
1007329,0.8887699402841742
1007330,0.535335509874571
1007331,0.3379442598342209
1007332,0.4699376573732174
1007334,0.5735614874002993
1007335,0.5069881532704599
1007336,0.006544186451938508
1007338,0.8121437880394498
1007339,0.5602213667324472
1007343,0.7170130285209844
1007344,0.528629540556096
1007345,0.8630443875459373
1007348,0.8227654412185818
1007349,0.8395645441464757
1007350,0.1628927630023776
1007352,0.7823636768189379
1007354,0.7916543417770601
1007356,0.4912568710328759
1007357,0.9699402177829557
1007360,0.8922774530666961
1007364,0.069037673459802
1007366,
1007368,0.0009401777256181362
1007370,0.9856946393809567
1007372,0.000994359370576972
1007376,0.8174495028920664
1007377,0.7764340371054181
1007378,0.7741756052841847
1007379,
1007381,0.9440373704717091
1007383,0.22400929313331025
1007384,0.9684524451749332
1007388,0.8489945681094382
1007389,0.9232413472852812
1007390,0.9759870921538132
1007392,0.5241025213476267
1007393,0.5414140837904637
1007394,0.7109629922856077
1007395,0.8222992282911081
1007396,0.8674480676362492
1007397,0.2970969852332384
1007398,0.9453335647282577
1007399,0.29709698523323846
1007401,0.908197612526927
1007402,0.7670180822761729
1007403,0.9989352029795731
1007404,0.6077344434933856
1007409,0.7771862188299166
1007410,0.7289707105725624
1007414,
1007415,
1007416,
1007417,0.5937253896593397
1007419,0.8419926102415559
1007420,0.8020734380140658
1007422,0.8628924682862072
1007427,0.875533625256108
1007428,0.9551554271719038
1007429,0.8731292907824743
1007430,0.5474834468015958
1007431,0.7948293881532107
1007432,0.8630733163203965
1007433,0.7303393620755766
1007437,0.4019802240887115
1007441,0.434569331340399
1007442,0.4616228688045548
1007449,0.6961350119048061
1007450,0.4876443512615379
1007451,0.38421952771477125
1007452,0.46858343206086156
1007454,
1007457,
1007459,0.011326990945054974
1007460,0.011326990945054974
1007464,0.8568371623327293
1007467,0.9043045306422399
1007468,0.9881041668788513
1007474,0.8909866064185903
1007476,0.7462349792508088
1007479,0.8727522851645139
1007480,0.89534221697742
1007482,0.6865997577630497
1007483,0.9817631231182737
1007484,0.9217579224279465
1007485,0.2833904908266713
1007486,0.904309794050396
1007487,0.9044027303230806
1007488,0.9515980013722362
1007489,0.9817631231182737
1007490,0.8983140300643476
1007492,0.9748584093243392
1007493,0.9025033830046078
1007496,0.9468066220203915
1007498,0.9817631231182737
1007500,0.9487843046632268
1007502,0.9635034184244275
1007503,0.9635121911629442
1007505,0.9803871642620783
1007509,0.8423749538337716
1007517,
1007518,0.8802492216969986
1007520,0.911227699909078
1007521,0.6234262060390773
1007523,0.9335459815046611
1007527,0.9840699983292259
1007531,
1007532,0.28221116232624466
1007534,0.2508682219404495
1007536,0.857240277310884
1007537,0.6889702382844739
1007540,0.6334508368965617
1007541,0.5424601922138115
1007542,0.5407758878397101
1007543,0.35011097072235203
1007545,0.8283679017363819
1007546,0.026427690271302425
1007547,0.216319037019327
1007549,0.034164429234104475
1007550,0.6204662523320673
1007551,0.6536895970023643
1007552,0.7368290587028481
1007553,0.5711317101129766
1007554,0.5622875191732434
1007555,0.26870570165864965
1007558,0.030829530410282278
1007559,0.5656923789449345
1007560,0.026428052308151397
1007561,0.2508682219404495
1007564,0.026531568732389307
1007565,0.8896494624378304
1007566,0.3982400418780096
1007568,0.026428052308151397
1007571,0.8898266314128316
1007573,0.7375054395203026
1007574,0.24944632047380097
1007575,0.034164429234104475
1007577,0.02653177831809605
1007578,0.026598254161948037
1007579,0.7191235284087993
1007583,0.9440373704717091
1007584,0.7587742072436525
1007589,0.3140656012415666
1007591,0.026427690271302425
1007592,0.5449057006418508
1007594,0.026427690271302425
1007595,0.19908627804253795
1007597,0.02650371619114604
1007598,0.5496483164772001
1007601,0.8501325785518749
1007603,0.4777796954057663
1007605,0.49638207850155763
1007606,0.798009907552007
1007607,0.9931808831898159
1007612,0.9971115228320414
1007615,0.18350621010996576
1007621,0.2631504069117998
1007622,0.09291330946765876
1007625,0.17351551387878691
1007626,0.38892431987050535
1007628,0.17351551387878691
1007631,0.1940859690723995
1007632,0.8974137070127991
1007633,0.005049497433069106
1007634,0.3201504912721063
1007638,0.09291330946765874
1007643,0.03258923489732663
1007645,0.9867230974540867
1007652,0.9413772226263203
1007653,0.37633137854234683
1007654,0.5209675766813346
1007657,0.002647464342981879
1007658,0.8463610362618871
1007659,0.3018630628772429
1007661,0.002706700794530776
1007662,0.8283998856708683
1007663,0.7499499712107269
1007664,0.8786610754856122
1007665,0.9921660845280055
1007666,0.9492991886298254
1007674,0.9419603349399853
1007678,0.9581044203727705
1007679,0.9835806569437501
1007680,0.2900203370662059
1007897,0.40323840973434477
1009069,0.9819725168059644
1009071,0.6784222409779196
1009329,0.17847796866269633
1009553,0.49966716442717946
1009554,0.7658545120214342
1009702,0.604237699529463
1009703,0.010871955327182749
1009704,0.1356140411073328
1009705,0.005860000703633279
1009706,0.005870347896382878
1009707,0.921518066821167
1009710,0.895541003235287
1009711,0.09778060657917541
1009712,0.006607516417730665
1009713,0.008811506761072499
1009715,0.047443420059916704
1009716,0.009826641603721653
1009857,0.998936063973656
1010404,0.06613598114046779
1010405,0.06613598114046779
1010406,0.7671571293981104
1010409,0.7967505016936683
1010410,0.9951669604479373
1010411,0.9880867604472809
1010423,0.9971116162792801
1010425,0.9989359694691142
1010426,0.9989359694691142
1010428,0.6003124893696576
1010572,0.01512832925237796
1010573,0.02630950635498348
1010574,
1010575,0.010660465459354462
1010576,0.7616523123569531
1010577,0.20526831214594138
1010578,0.9197173840026374
1010579,0.8140078323118842
1010580,0.1750378253441711
1010581,0.01512832925237796
1010583,0.7850737808297902
1010839,0.0047858690942243765
1010840,0.0065330616297008875
1010842,0.7052157232892027
1010843,0.9784524765209301
1010844,0.8557695485635728
1010845,0.8829835036130779
1010846,0.9118861793934673
1010847,0.838406203583199
1010849,0.09572909401134697
1010908,0.8969577667266174
1010915,0.9420213201331861
1011302,0.8907756518121916
1011303,0.9085051511529761
1011304,0.8987672656091868
1011305,0.9851378600917551
1011306,0.9425961787967133
1011308,0.8022043681372484
1011311,0.7304712093693553
1011313,0.9680244349311017
1011314,0.8973030105675573
1011316,0.9823348416703792
1011330,0.004358818586272171
1011331,0.8644252336610609
1012380,0.9831594290003354
1012493,0.5116971299405716
1012540,0.7189076985069038
1012543,0.8630733163203965
1012544,0.6311553838518945
1012545,0.918809194161811
1012546,0.8943429669542156
1012547,0.9455594117842043
1012549,0.3604389681555418
1012696,0.6581216657737615
1012697,0.6926877846621978
1012698,0.003552523613933294
1012699,0.9850371608896433
1012700,0.9622673952002513
1012701,0.9836741560947725
1012797,0.005608584555934488
1012798,0.7349565810469068
1012799,0.6137113046222453
1012801,0.9043045306422399
1012802,0.9043045886204154
1012803,0.9043045306422399
1012804,0.924686729204163
1012805,0.9042942340883177
1012806,0.9043045306422399
1012808,0.9920997815201332
1012812,0.9945290872200324
1012814,0.9944299098398003
1012818,0.8968064030741723
1012819,0.9015349832261402
1012832,0.9236506803384531
1012833,0.9313721862464536
1012834,0.4684205725140305
1012949,0.6242825161935398
1012954,0.9234375294953259
1012955,0.4737373583207924
1012957,0.712345470475978
1012958,0.5790024104718628
1012972,0.11398375469862929
1012973,0.11398375469862926
1012974,0.22441198558105382
1012975,0.06281602011251004
1012976,0.13081630875899727
1012977,0.11616914514940592
1012978,0.8721618574848403
1012979,0.9020438861846471
1012981,0.9487843046632268
1012982,0.8422261101462201
1012985,0.9095898791398592
1012987,0.9614120504703177
1012988,0.991475545993377
1012989,0.9795583643618972
1012990,0.9547024614803459
1012991,0.9680244349311017
1012992,0.826995667621688
1012993,0.7325443032955465
1012994,0.8934344169384127
1012995,0.8934344169384127
1012996,0.8726996233106797
1012998,0.9517725701872762
1012999,0.8772823016968465
1013000,0.8639929758034653
1013001,0.9099410734031989
1013002,0.9236600024267816
1013003,0.9005592982475122
1013004,0.6739820569804624
1013005,0.8431291548791684
1013006,0.9692966002518147
1013007,0.8287920531835872
1013008,0.7259922061483931
1013009,0.9660983913860274
1013010,0.9721706648545784
1013012,0.966771370872573
1013013,0.9597649730179795
1013014,0.9607454811321042
1013015,0.9658130845388166
1013018,0.14837023101900165
1013019,0.35973141243676315
1013020,0.8867817950355692
1013021,0.8329247177412141
1013022,0.7611129856288823
1013023,0.3836572901458309
1013024,0.7897202054735639
1013026,0.4682537868679203
1013027,0.99893498252033
1013028,0.4463888535672172
1013216,0.8575955195256509
1013217,0.9567276141379207
1013219,0.8686303178661466
1013221,0.9138962543640362
1013223,0.5921703189313998
1013224,0.9138962543640362
1013227,0.5636143412969916
1013228,0.31738094842473924
1013229,0.026338753124748808
1013230,0.07892320142068093
1013232,0.026338753124748808
1013234,0.03396189401638434
1013235,0.7137879816788651
1013236,0.1308163922341903
1013237,0.38949746840077254
1013238,0.13392173357753945
1013239,0.14235118735453034
1013240,0.7998882051185221
1013241,0.7653228885357924
1013242,0.13081639223419034
1013243,0.002676137074919315
1013244,0.011105666463253129
1013245,0.03396189401638433
1013246,0.2729255770782519
1013247,0.9830988616371487
1013248,0.9233131738265611
1013249,0.9696857258278596
1013250,0.6960979322504356
1013251,0.6242825161935398
1013252,0.7698485169378374
1013253,0.5261547126356724
1013254,0.8170822710072946
1013255,0.4406785488044573
1013257,0.5889927162326375
1013258,0.7209217440629988
1013259,0.9815459420683625
1013260,0.9815459420683625
1013261,0.9873013236813916
1013262,0.9821525699155789
1013268,0.9080129743210161
1013269,0.8430625635818272
1013270,0.787596328614622
1013271,0.8587176339455354
1013272,0.7782257048420448
1013274,0.966771370872573
1013276,0.9638805238739147
1013277,0.9394336292865494
1013278,0.7209457707372385
1013279,0.9641269218602382
1013280,0.998934843895108
1013282,0.856490955527435
1013283,0.8537648337443281
1013284,0.8681790031006412
1013285,0.8446157546172112
1013286,0.8722489313151042
1013287,0.9600092962562744
1013288,0.9565407751416887
1013290,0.9789437251466093
1013293,0.9989346635678001
1013294,0.9985841764750649
1013295,0.9989344302039982
1013296,0.9989346635678001
1013301,0.7376191781972906
1013305,0.8094681164863804
1013309,0.8742816830088672
1013311,0.862477218845978
1013312,0.7991862618975437
1013313,0.7012059269029984
1013314,0.9034193878127397
1013315,0.6937037371804564
1013316,
1013317,0.0016787200348655784
1013318,0.6077597330418958
1013319,0.0008471372340248732
1013320,0.8505203291295838
1013321,0.8509978738440073
1013322,0.5393410597310198
1013323,0.8311796674873596
1013324,0.7159414469036528
1013325,0.12204874619430797
1013326,0.6077597330418958
1013327,0.6077597330418958
1013328,0.0024344660094743915
1013329,0.00981614694202838
1013330,0.3733621540379358
1013331,0.9663784375930408
1013332,0.9591489231544932
1013333,0.7118955340177843
1013334,0.9571831053320092
1013335,0.3998584996204423
1013336,0.673336178506514
1013337,0.9465204696706611
1013338,0.9633917436156763
1013340,0.861253489792387
1013342,0.6827486591189812
1013343,0.7289707105725624
1013345,0.7289707105725625
1013363,0.4720255527033218
1013366,0.5233816621728663
1013367,0.6709431475205019
1013368,0.42103635497592606
1013369,0.23931239833296555
1013370,0.4616229371112805
1013371,0.639658039145932
1013372,0.20404582076082306
1013373,0.4616228688045548
1013375,0.5866643667606538
1013379,0.42615332157307867
1013380,0.8895619535265831
1013381,0.3728571457221807
1013382,0.39406940694753273
1013383,0.9523569468887694
1013384,0.3683831969177599
1013385,0.8617386219190124
1013386,0.4019802240887114
1013387,0.8374924747984884
1013388,0.6961350119048061
1013389,0.1595332400432494
1013390,0.9296656893060941
1013391,0.700348752966745
1013413,0.7183921078109702
1013414,0.49984502594988445
1013415,0.7920710075280937
1013416,0.4079219692274384
1013417,0.46754535608063347
1013418,0.4034597751770783
1013419,0.49984502594988445
1013420,0.5731478297668214
1013421,0.8575710203111527
1013423,0.8757029842254561
1013424,0.7183921078109702
1013425,0.7408377148998228
1013450,0.8240850678436107
1013453,0.910646377389474
1013454,0.8884164961475003
1013456,0.6519420418873642
1013458,0.7561152646678544
1013463,0.7554869967939885
1013464,0.7482409805305096
1013466,0.5084550314229382
1013467,0.6534315540912309
1013468,0.6534315540912309
1013469,0.7757288078741565
1013470,0.7164863917356296
1013471,0.36832851600794003
1013472,0.6818113146006854
1013473,0.8645749275171698
1013474,0.7392766949237632
1013475,0.7262567002089239
1013478,0.7482409805305096
1013480,0.7931138960288534
1013481,0.9317006936969807
1013482,0.550352905581474
1013483,0.558582765240123
1013484,0.4699376573732174
1013487,0.5145553090635251
1013488,0.634229011110109
1013489,0.7178807901369241
1013490,0.6856974526104871
1013492,0.6399403259759667
1013493,0.732685238127332
1013494,0.46135730586510293
1013495,0.41010210622864357
1013497,0.6856974526104871
1013498,0.43397245598561923
1013499,0.4938935634729315
1013500,0.5915745367214164
1013501,0.4076878858044031
1013502,0.41622248362651704
1013503,0.6248018567279267
1013504,0.3303804123100612
1013505,0.9473158806177169
1013506,0.6721149818514351
1013507,0.7729930863534252
1013508,0.930654375998616
1013509,0.06613598114046779
1013510,0.8597099142769095
1013540,0.8788591780829235
1013543,0.8273799501263367
1013544,0.9792098361935745
1013545,0.8339370640957814
1013546,0.9818124363056201
1013548,0.8090557171295502
1013549,0.9788903914253223
1013550,0.9724317942506238
1013551,0.8339370640957814
1013552,0.9842813155912805
1013553,0.8094482876969586
1013554,0.8421592167561806
1013558,0.7960341921052209
1013559,0.8497141757648707
1013560,0.9158071550655399
1013562,0.9518533061341803
1013563,0.5294554303037108
1013564,0.5537241827360275
1013565,0.9518533061341803
1013566,0.49869765468706967
1013567,0.9772219882351358
1013569,0.5642479012332159
1013571,0.951902103195452
1013572,0.9587202409419017
1013573,0.9539032775877495
1013574,0.9539032775877495
1013575,0.9055541811317757
1013577,0.649639108845218
1013578,0.7785917893105457
1013579,0.9467461545694542
1013580,0.9576353923195047
1013595,0.9143535809547185
1013596,0.9989349838116715
1013599,0.45359244915906966
1013601,0.45359244915906966
1013603,0.87750422718568
1013605,0.9654511254093331
1013611,0.7381393880371699
1013612,0.779919409052703
1013613,0.2523616631991124
1013614,0.5628103978130528
1013618,0.14235118735453034
1013619,0.6494562754801333
1013620,0.5271480730432601
1013621,0.49757884227755994
1013622,0.49757884227756
1013624,0.8660385539602188
1013625,0.6943204544609122
1013627,0.8430665519286309
1013629,0.929447819047163
1013630,0.9384477143525236
1013631,0.9640103719100692
1013633,0.9931519996736791
1013634,0.9910644107825209
1013635,0.9659151136724446
1013636,0.9921834276014395
1013637,0.992057137597062
1013638,0.9381967715722138
1013640,0.9381967715722138
1013643,0.9328563806606383
1013644,0.9321987749866213
1013649,0.8236469101527493
1013650,0.9754477900715938
1013651,0.9914441523448918
1013653,0.8475242407825965
1013655,0.9927506536903971
1013656,0.8169400807654129
1013657,0.8904771829941432
1013659,0.9747767787277865
1013660,0.992057137597062
1013664,0.9141926736347495
1013666,0.8979772098261288
1013667,0.8769661894481006
1013669,0.9013589502956737
1013671,0.44665665216004075
1013674,0.9910361585265081
1013675,0.3163644394294914
1013676,0.8781477931843019
1013677,0.7683027378711474
1013679,0.3431580300947533
1013681,0.34315803009475326
1013682,0.7755404427610574
1013684,0.9560696615623484
1013685,0.9316879693421206
1013686,0.924818240520506
1013688,0.9457994478070939
1013689,0.87057145590586
1013690,0.87750422718568
1013691,0.87750422718568
1013693,0.6714631174479131
1013694,0.5536174587074213
1013695,0.33011571367453246
1013697,0.5312057739999506
1013699,0.9856970880814544
1013702,0.7310989842143271
1013703,0.8497587689739065
1013704,0.5316552652445053
1013705,0.8191388992679576
1013706,0.8645964008750602
1013707,0.8686273503723873
1013708,0.0009943593705769719
1013709,0.01268777493251109
1013710,0.12633658955886246
1013711,0.5232738028918106
1013712,0.788869771347142
1013713,0.5713931489545659
1013714,0.8274386262995513
1013715,0.9740877896510237
1013716,0.6853829223831662
1013720,0.6421617159675623
1013722,
1013725,0.7855858738060748
1013726,0.9741717113177383
1013727,0.7964705068586366
1013728,0.9474527949992211
1013729,0.9741717113177383
1013730,0.9160043781062731
1013731,0.7929142895207372
1013732,0.9497277086049938
1013733,0.7634184025183556
1013734,0.738557871551027
1013745,0.7075573478599329
1013746,0.645325757537214
1013748,0.9925574434476413
1013749,0.2631504069117998
1013750,0.42735171096257785
1013751,0.8011649797091323
1013752,0.9925574434476413
1013753,0.9639889564015842
1013754,0.6713457217943584
1013755,0.5348321343729528
1013756,0.7101791342303525
1013757,0.37780689356512337
1013758,0.7630005693919938
1013759,0.6536690225649969
1013763,0.9697091308334553
1013764,0.5652502619980002
1013772,0.657555330663989
1013775,0.9684051485329256
1013778,0.9608276077931902
1013779,0.825488454122688
1013780,0.5796045538858164
1013781,0.39781997894846927
1013782,0.4695883870490349
1013783,0.6027613996884746
1013784,0.9686431164346906
1013785,0.9301546693219697
1013787,0.8210075756432
1013788,0.5376297263719335
1013789,0.7949674510788397
1013790,0.7806314573243809
1013791,0.9078585882584587
1013793,0.9037210349040602
1013794,0.7649752117272541
1013795,0.9533623907077869
1013796,0.9298385086877112
1013797,0.8291482058397007
1013798,0.9298385086877112
1013799,0.9182022166968414
1013800,0.4841352385842657
1013801,0.6846554461738223
1013802,0.6846554461738225
1013803,0.7823636768189379
1013804,0.9748304038276602
1013807,0.9462426508400442
1013808,0.9269461154237149
1013809,0.805679029069213
1013810,0.8665357596758388
1013811,0.9460214624451758
1013812,0.9568791478322021
1013813,0.9440373704717091
1013828,0.4906667101710877
1013829,0.5806322017654024
1013830,0.5493628322501587
1013831,0.49757884227756
1013832,0.8688334377455692
1013833,0.8688334377455692
1013834,
1013835,0.5819636279652375
1013836,0.47559878498268005
1013837,0.8494074956815681
1013838,0.5802521935795374
1013839,0.5806322017654024
1013840,0.8884093874414695
1013846,0.5444097889262219
1013862,0.994033058042776
1013864,0.9536918053380824
1013865,0.9892329490366858
1013868,0.9095018119544246
1013869,0.9900267342126511
1013870,0.9989349838116715
1013871,0.9095018119544246
1013872,0.9095018119544246
1013874,0.9904038740786824
1013876,0.9830586821481274
1013877,0.8961336643671423
1013878,0.8207986764824442
1013879,0.824076135388738
1013880,0.9625983152502001
1013881,0.8526344274898117
1013882,0.8768412316455352
1013883,0.9954604379227568
1013884,0.9485188362392988
1013885,0.9859088642500055
1013887,0.994462124721516
1013888,0.8090406441479091
1013889,0.9147588884747679
1013890,0.787576555792969
1013891,0.8952041700156314
1013893,0.6309776148383552
1013896,0.9011056385405141
1013897,0.9174390321566086
1013900,0.9649851425275517
1013901,0.94608786851666
1013902,0.8367182256799367
1013903,
1013904,
1013905,0.962746363023745
1013909,0.782349575747863
1013910,0.8472239503873993
1013911,0.7521988104504409
1013912,0.9485052542768188
1013913,0.9797081612785163
1013914,0.9870034888030774
1013915,0.9472612834913129
1013916,0.7548535099731
1013917,0.9206925703811295
1013918,0.8487239168635715
1013919,0.8439923936764858
1013920,0.7500711728496483
1013921,0.9472612834913129
1013922,0.9153436258043052
1013923,0.9465824790137075
1013924,0.7521988104504409
1013925,0.15685203915747473
1013926,0.7823495757478629
1013966,0.8315989394010816
1013967,0.9522050453259
1013968,0.9626728879102535
1013969,0.9626728879102535
1013970,0.9615517827530525
1013971,0.8001336871965644
1013972,0.8472239503873993
1013973,0.7887028047286541
1013974,0.4640939531162211
1013975,0.4640939531162211
1013976,0.845559987472024
1013977,0.8658244354623453
1013978,0.9615517827530525
1013979,0.10061160610076073
1013980,0.09330284751694168
1013981,0.07244196800758604
1013982,0.047056452664632625
1013983,0.0025793987833226794
1013984,0.3473659315419803
1013985,0.706518935112764
1013986,0.6058312418253936
1013987,0.9012553192088266
1013988,0.8524423362037957
1013989,0.15724346025426036
1013990,0.33456729119705403
1013991,0.27579592564190814
1013992,0.15724346025426036
1013993,0.30186306287724285
1013994,0.38102934093479357
1013995,0.20832297546753734
1013996,0.8408831462930689
1014004,0.4982656550772147
1014005,0.5447119197751549
1014007,0.5420804219972958
1014008,0.797254729252046
1014009,0.009808436793240482
1014010,0.8922072691149953
1014012,0.6098030312014826
1014013,0.5537250619022941
1014014,0.826429719162075
1014015,0.7640744480804337
1014016,
1014017,
1014018,0.9465498094498148
1014019,0.029902122323281488
1014020,0.002467780508464648
1014021,0.0025611578376437665
1014022,0.8303683925766867
1014023,0.8349596974030131
1014024,0.9142922622402411
1014025,0.9153916013014689
1014029,0.9989349838116715
1014030,0.994033058042776
1014032,0.9826412195828277
1014033,0.9941159374901698
1014034,0.9165899507593118
1014035,0.9097446149882301
1014036,0.9165899507593119
1014037,0.9826412195828277
1014040,0.44602596083257157
1014041,0.3518918045272513
1014042,0.3518918045272512
1014043,0.5701371396238335
1014044,0.3440851736517422
1014045,0.3508416986374799
1014046,0.5352386130664578
1014048,0.9165899507593119
1014049,0.9864118304273534
1014050,0.8172737500096091
1014051,0.5517367523756221
1014053,0.9887538961474539
1014055,0.9647409589695072
1014057,0.9158595803873529
1014058,0.34484183587364753
1014060,0.7752597342795206
1014062,0.9765001175566862
1014070,0.5819344407387107
1014071,0.6792722894222294
1014073,0.9079152816178404
1014074,0.9156367860427507
1014077,0.7900699559064713
1014078,0.9625612052825545
1014079,0.9915497231726914
1014080,0.7496928837720652
1014081,0.9227049444095443
1014084,0.9417302490399558
1014085,0.0023826854940557566
1014086,0.873034853804679
1014087,0.8606071871437397
1014088,0.8743507799483513
1014089,0.9421039374833942
1014090,0.9354874883026808
1014092,0.8903629050821147
1014093,0.017119462036571408
1014096,0.9425480557572872
1014097,0.0035901045427987875
1014098,0.873034853804679
1014100,0.8606071871437397
1014101,0.8313050605123531
1014102,0.0036464886705243832
1014103,0.00925990639370498
1014105,0.8315989394010816
1014106,0.8290566195033042
1014107,0.8424161459441099
1014108,0.8424161459441099
1014109,0.815368921827523
1014112,
1014113,0.9782231619909254
1014114,
1014115,0.026428052308151397
1014116,
1014117,
1014120,0.9809103411868856
1014121,
1014122,0.6951656126640906
1014124,0.8453335015181654
1014125,0.522621938394671
1014126,0.412831511780599
1014131,0.02916410538821625
1014137,0.9011056385405141
1014139,0.6646163358096173
1014140,0.6710625223314161
1014142,0.8285521048238016
1014143,0.9625004277963843
1014144,0.9556969986503011
1014148,0.8321492657972093
1014154,0.8091257859415795
1014155,0.9625004277963843
1014156,0.8246564610072777
1014159,
1014161,0.9158071550655399
1014165,
1014166,
1014167,0.8320434414255484
1014168,0.8039917850897096
1014169,0.5825643022222409
1014238,0.8791394632610539
1014239,0.6455685198095452
1014241,0.5061617910151067
1014242,0.9093163354274871
1014243,0.3635196478695086
1014244,
1014245,0.27593495467231616
1014246,0.24382651783752868
1014247,0.8393940791338402
1014248,
1014249,
1014251,
1014252,
1014253,0.6606043773274797
1014254,0.9093163354274871
1014255,0.38439677241239506
1014256,0.884861668243767
1014257,0.8960295716018448
1014258,0.9106787720856935
1014259,
1014260,0.1831905746517854
1014261,
1014262,
1014263,0.9043596867163056
1014264,0.09236331204127968
1014265,0.00783825349310123
1014266,0.010471471979541772
1014267,0.4599687634437672
1014268,0.49873905034563154
1014270,0.929181697337064
1014271,0.6663382005422385
1014272,0.19835661092351595
1014273,0.5696639789246871
1014274,0.9750612356452477
1014275,0.97511758592339
1014276,0.32196584036424863
1014277,0.9794592844477606
1014278,0.47019566066998475
1014279,0.5076882941894981
1014280,0.7088914825183783
1014281,0.5598432240984467
1014282,0.9753927968545791
1014284,0.7826841307213535
1014285,0.9746668752850359
1014286,0.07250345562709752
1014287,0.9745768791603602
1014288,0.9760144048629715
1014289,0.9785584832825117
1014291,0.9531807960536953
1014294,0.19992506168772886
1014295,0.9794592844477606
1014296,0.7965443358417686
1014297,0.9738262341352354
1014298,0.9746668752850359
1014300,0.9746668752850359
1014301,0.8327591082732607
1014302,0.9856463416966591
1014303,0.8807697300524938
1014304,0.7962159181149753
1014305,0.8720719016889685
1014306,0.8025728102325372
1014307,0.016214118080040984
1014309,0.7441346909988862
1014311,0.18073784319527406
1014313,
1014314,0.10528902627304486
1014315,0.8228053699636819
1014316,0.0965979715875343
1014319,0.8852904513819706
1014320,0.23184116488135126
1014321,0.8568189119826125
1014323,0.9551554271719038
1014324,0.9690463894536768
1014325,0.22027778898436928
1014326,0.7050534253374343
1014327,0.7025892418820368
1014328,0.08444973883085945
1014329,0.2436968852213645
1014331,0.8101658372070139
1014332,0.7055992361500092
1014333,0.653428664322656
1014334,0.7202071335515948
1014336,0.8016397220056959
1014337,0.9675121845780544
1014338,0.9188546223796039
1014339,0.010692952202692192
1014340,
1014345,0.9177910646200143
1014346,0.551417584782873
1014347,0.8191255227560326
1014348,0.595448934880376
1014349,0.5910193115612566
1014350,0.5920898393154743
1014351,0.5971554892802339
1014352,0.5851766624596871
1014353,0.6050636880104457
1014354,0.602557734210784
1014355,0.6012782295154044
1014356,0.6024776221498442
1014357,
1014358,
1014359,0.5965808733360769
1014360,0.5989377437998785
1014361,0.6050636880104457
1014362,0.5986634824403507
1014363,0.5978039826460291
1014364,0.5978371129710708
1014365,0.5971554892802339
1014366,0.5994593160028624
1014367,0.5956500573950583
1014368,0.5867494110438748
1014369,0.5867494110438748
1014370,0.5945320000312695
1014371,0.5844431539636005
1014373,0.9402618927585905
1014377,0.5874636110613617
1014378,0.5941515825701801
1014379,0.5946110494735214
1014380,0.5943193383862427
1014381,0.5963001990772885
1014382,0.5953251605108411
1014383,0.5916663404841839
1014384,0.5959287403989022
1014385,0.6024485393377379
1014387,
1014388,0.6063202053471197
1014389,0.6675332595626198
1014390,
1014391,
1014392,0.1568268956198641
1014393,
1014394,0.1568268956198641
1014395,0.01893346494561164
1014396,0.1568268956198641
1014397,0.020352574020263133
1014398,0.011485845983176422
1014399,0.011485845983176422
1014400,
1014401,0.011485845983176422
1014402,0.011455341361333598
1014403,0.011455341361333598
1014404,
1014405,
1014407,0.09691154291479563
1014408,0.5992194620142799
1014409,
1014410,0.4897136061517354
1014411,
1014412,0.9057884206918849
1014413,0.7489701479222169
1014414,0.8858893188691362
1014415,
1014416,0.4698614779162852
1014417,0.4886809409723809
1014418,0.012442597358951184
1014419,0.865057119948788
1014420,
1014421,0.6007741128753026
1014422,0.6007066832851822
1014423,0.5886352309070505
1014424,0.6063202053471197
1014425,0.5993219788319559
1014426,0.604363563907462
1014427,0.5983415663246721
1014428,0.5960388015712599
1014429,0.5862572276142213
1014430,0.5853565395359251
1014431,0.6050636880104457
1014432,0.6040771865512602
1014433,0.5967855339736016
1014434,0.600318500520734
1014435,0.6416618303680435
1014436,0.5417498887915385
1014437,0.5056661408598612
1014438,0.4904678150756349
1014439,
1014440,
1014441,
1014442,
1014443,
1014444,
1014445,
1014446,0.975696364072529
1014447,0.9747767213678068
1014448,0.6628566250695559
1014449,0.7888125654525807
1014450,0.9748889698876795
1014451,0.025807410051645628
1014452,0.3284253062468351
1014461,0.5239622847531539
1014462,0.829413064523761
1014463,0.8766555910026289
1014464,0.6016396260197382
1014465,
1014466,0.6048002865585679
1014467,0.6048002865585679
1014468,
1014469,0.6063202053471197
1014470,
1014472,
1014473,
1014474,0.6057142956577639
1014475,
1014476,
1014477,0.8517903385212716
1014478,0.5802521935795374
1014479,
1014480,
1014481,
1014482,
1014483,
1014484,
1014485,
1014486,0.6100571994968191
1014487,0.5956966191892273
1014490,0.5918726234308175
1014491,0.6052573743076154
1014492,0.5881013194732638
1014493,
1014494,0.600001478013625
1014495,
1014497,0.4797515159199675
1014498,0.8811569170342933
1014499,0.8949928195862766
1014500,0.6105493033111404
1014502,
1014503,
1014504,0.9211255769615537
1014505,0.5308896876027388
1014506,
1014507,
1014508,
1014509,0.6006640666787038
1014511,0.59233816274789
1014512,0.59233816274789
1014532,0.766493590292807
1014533,0.766493590292807
1014534,0.7617533443046733
1014535,0.5948770714023988
1014536,0.6926870414439181
1014537,0.5715103177003874
1014538,0.8941081755340637
1014539,0.9207750045123283
1014540,0.6321237527421772
1014541,0.5219219047419733
1014542,0.580267717533306
1014543,0.8828124397521041
1014550,0.9078605937729893
1014551,
1014552,0.9106787720856935
1014553,0.6213796026455861
1014557,0.5918020870009154
1014558,0.5898976611027466
1014559,0.5902520179508628
1014560,
1014561,0.5944457317226176
1014562,0.7915743328652167
1014563,0.7283171268713501
1014564,
1014565,0.6895185644391939
1014566,0.9222148427728061
1014567,0.4688179809542277
1014568,0.3363335451626696
1014569,
1014570,0.9605272103163
1014571,0.7003817073313015
1014594,0.7431677613866631
1014595,0.7448220561867102
1014596,0.8797434129956273
1014597,0.8943686196302051
1014598,
1014599,
1014600,
1014602,0.8719221116177284
1014603,0.836937403637412
1014604,0.8014139093224674
1014605,0.8620123179124859
1014606,0.8823207890172914
1014607,0.5648831878069507
1014608,0.5648831878069507
1014609,0.5295054787901871
1014610,0.5608701370464805
1014611,0.4876010288665943
1014612,0.7634219663282568
1014613,0.6139261012189751
1014614,0.41279453045197423
1014616,0.5915529067002553
1014618,
1014619,0.8943686196302051
1014792,0.5554834059710031
1014793,0.8506115587130874
1021924,0.026468262364842555
1022386,0.8695122129742064
1007400,0.9851637595643913
1007481,0.9665176658897663
1012951,0.6242825161935398
1014031,0.6137511378861932
1014056,0.9786566009725942
1014069,0.9248918208603685
1015561,0.9887825843624762
