DataId,US_Population_Rank,City,State,Twenty_Nineteen_Population,Ten_Year_Population_Growth_Percentage
0,1,New York,New York,8336817,4
1,2,Los Angeles,California,3979576,7.4
2,3,Chicago,Illinois,2693976,-6.9
3,4,Houston,Texas,2320268,17.3
4,5,Phoenix,Arizona,1680992,26.6
5,6,Philadelphia,Pennsylvania,1584064,4.6
6,7,San Antonio,Texas,1547253,32.9
7,8,San Diego,California,1423851,16
8,9,Dallas,Texas,1343573,12.8
9,10,San Jose,California,1021795,13
10,11,Austin,Texas,978908,45.6
11,12,Jacksonville,Florida,911507,23.7
12,13,Fort Worth,Texas,909585,66.5
13,14,Columbus,Ohio,898553,25.5
14,15,Charlotte,North Carolina,885708,55.4
15,16,San Francisco,California,881549,13.4
16,17,Indianapolis,Indiana,876384,12
17,18,Seattle,Washington,753675,33.6
18,19,Denver,Colorado,727211,30.7
19,20,Washington,District of Columbia,705749,23.4
20,21,Boston,Massachusetts,692600,17.3
21,22,El Paso,Texas,681728,20.7
22,23,Nashville-Davidson,Tennessee,670820,22.8
23,24,Detroit,Michigan,670031,-29.1
24,25,Oklahoma City,Oklahoma,655057,29
25,26,Portland,Oregon,654741,23.5
26,27,Las Vegas,Nevada,651319,34.4
27,28,Memphis,Tennessee,651073,-5.6
28,29,Louisville/Jefferson County,Kentucky,617638,11.4
29,30,Baltimore,Maryland,593490,-8.5
30,31,Milwaukee,Wisconsin,590157,-1.1
31,32,Albuquerque,New Mexico,560513,24.4
32,33,Tucson,Arizona,548073,11.9
33,34,Fresno,California,531576,23.4
34,35,Mesa,Arizona,518012,28.5
35,36,Sacramento,California,513624,25.5
36,37,Atlanta,Georgia,506811,20.2
37,38,Kansas City,Missouri,495327,11.9
38,39,Colorado Springs,Colorado,478221,32
39,40,Omaha,Nebraska,478192,16.6
40,41,Raleigh,North Carolina,474069,63.3
41,42,Miami,Florida,467963,28.8
42,43,Long Beach,California,462628,0
43,44,Virginia Beach,Virginia,449974,5.4
44,45,Oakland,California,433031,8
45,46,Minneapolis,Minnesota,429606,12.3
46,47,Tulsa,Oklahoma,401190,2.1
47,48,Tampa,Florida,399700,31.4
48,49,Arlington,Texas,398854,19.1
49,50,New Orleans,Louisiana,390144,-19.3
50,51,Wichita,Kansas,389938,10.6
51,52,Bakersfield,California,384145,56.8
52,53,Cleveland,Ohio,381009,-20
53,54,Aurora,Colorado,379289,36.5
54,55,Anaheim,California,350365,6.4
55,56,Honolulu,Hawaii,345064,-6.9
56,57,Santa Ana,California,332318,-1.8
57,58,Riverside,California,331360,28.2
58,59,Corpus Christi,Texas,326586,17.7
59,60,Lexington-Fayette,Kentucky,323152,23.7
60,61,Henderson,Nevada,320189,78.6
61,62,Stockton,California,312697,27.8
62,63,St. Paul,Minnesota,308096,7.4
63,64,Cincinnati,Ohio,303940,-8.2
64,65,St. Louis,Missouri,300576,-13.3
65,66,Pittsburgh,Pennsylvania,300286,-10
66,67,Greensboro,North Carolina,296710,29.8
67,68,Lincoln,Nebraska,289102,26.9
68,69,Anchorage,Alaska,288000,10.5
69,70,Plano,Texas,287677,28.3
70,71,Orlando,Florida,287442,47.6
71,72,Irvine,California,287401,95.9
72,73,Newark,New Jersey,282011,3.4
73,74,Durham,North Carolina,278993,47.7
74,75,Chula Vista,California,274492,56.3
75,76,Toledo,Ohio,272779,-13
76,77,Fort Wayne,Indiana,270402,6.4
77,78,St. Petersburg,Florida,265351,6.6
78,79,Laredo,Texas,262491,46.2
79,80,Jersey City,New Jersey,262075,9.1
80,81,Chandler,Arizona,261165,45.4
81,82,Madison,Wisconsin,259680,23.6
82,83,Lubbock,Texas,258862,29.2
83,84,Scottsdale,Arizona,258069,26.3
84,85,Reno,Nevada,255601,38.9
85,86,Buffalo,New York,255284,-12.6
86,87,Gilbert,Arizona,254114,116.6
87,88,Glendale,Arizona,252381,13.7
88,89,North Las Vegas,Nevada,251974,113.5
89,90,Winston-Salem,North Carolina,247945,22.6
90,91,Chesapeake,Virginia,244835,22.2
91,92,Norfolk,Virginia,242742,3.6
92,93,Fremont,California,241110,18
93,94,Garland,Texas,239928,11
94,95,Irving,Texas,239798,24.9
95,96,Hialeah,Florida,233339,3.1
96,97,Richmond,Virginia,230436,16.5
97,98,Boise City,Idaho,228959,17
98,99,Spokane,Washington,222081,12.7
99,100,Baton Rouge,Louisiana,220236,-3.5
100,101,Tacoma,Washington,217827,12.3
101,102,San Bernardino,California,215784,14.1
102,103,Modesto,California,215196,13.1
103,104,Fontana,California,214547,46.2
104,105,Des Moines,Iowa,214237,7.3
105,106,Moreno Valley,California,213055,48.7
106,107,Santa Clarita,California,212979,36.8
107,108,Fayetteville,North Carolina,211657,6.1
108,109,Birmingham,Alabama,209403,-13.4
109,110,Oxnard,California,208881,21.7
110,111,Rochester,New York,205695,-6.2
111,112,Port St. Lucie,Florida,201846,126.3
112,113,Grand Rapids,Michigan,201013,1.5
113,114,Huntsville,Alabama,200574,25.2
114,115,Salt Lake City,Utah,200567,10.3
115,116,Frisco,Texas,200490,468.2
116,117,Yonkers,New York,200370,2.1
117,118,Amarillo,Texas,199371,14.5
118,119,Glendale,California,199303,2
119,120,Huntington Beach,California,199223,4.8
120,121,McKinney,Texas,199177,255.7
121,122,Montgomery,Alabama,198525,-1.5
122,123,Augusta-Richmond County,Georgia,197888,1.4
123,124,Aurora,Illinois,197757,36.8
124,125,Akron,Ohio,197597,-8.8
125,126,Little Rock,Arkansas,197312,7.6
126,127,Tempe,Arizona,195805,23.2
127,128,Columbus,Georgia,195769,4.9
128,129,Overland Park,Kansas,195494,28.8
129,130,Grand Prairie,Texas,194543,51.8
130,131,Tallahassee,Florida,194500,27.1
131,132,Cape Coral,Florida,194495,88.2
132,133,Mobile,Alabama,188720,-5
133,134,Knoxville,Tennessee,187603,6.4
134,135,Shreveport,Louisiana,187112,-6.7
135,136,Worcester,Massachusetts,185428,7.4
136,137,Ontario,California,185010,16.6
137,138,Vancouver,Washington,184463,25.8
138,139,Sioux Falls,South Dakota,183793,46.3
139,140,Chattanooga,Tennessee,182799,16.6
140,141,Brownsville,Texas,182781,27.4
141,142,Fort Lauderdale,Florida,182437,6.6
142,143,Providence,Rhode Island,179883,3.4
143,144,Newport News,Virginia,179225,-0.5
144,145,Rancho Cucamonga,California,177603,37.5
145,146,Santa Rosa,California,176753,18.4
146,147,Peoria,Arizona,175961,58.5
147,148,Oceanside,California,175742,8.5
148,149,Elk Grove,California,174775,113.9
149,150,Salem,Oregon,174365,26.4
150,151,Pembroke Pines,Florida,173591,25.5
151,152,Eugene,Oregon,172622,24.1
152,153,Garden Grove,California,171644,3.7
153,154,Cary,North Carolina,170282,74.8
154,155,Fort Collins,Colorado,170243,41.7
155,156,Corona,California,169868,31.6
156,157,Springfield,Missouri,167882,10.2
157,158,Jackson,Mississippi,160628,-13.2
158,159,Alexandria,Virginia,159428,23.1
159,160,Hayward,California,159203,12.9
160,161,Clarksville,Tennessee,158146,52.1
161,162,Lakewood,Colorado,157935,9.3
162,163,Lancaster,California,157601,32.2
163,164,Salinas,California,155465,8.3
164,165,Palmdale,California,155079,31.9
165,166,Hollywood,Florida,154817,10.8
166,167,Springfield,Massachusetts,153606,1.1
167,168,Macon-Bibb County,Georgia,153159,0
168,169,Kansas City,Kansas,152960,4.2
169,170,Sunnyvale,California,152703,15.8
170,171,Pomona,California,151691,2.4
171,172,Killeen,Texas,151666,68.2
172,173,Escondido,California,151625,12.8
173,174,Pasadena,Texas,151227,6.5
174,175,Naperville,Illinois,148449,14.7
175,176,Bellevue,Washington,148164,31.7
176,177,Joliet,Illinois,147344,36.1
177,178,Murfreesboro,Tennessee,146900,107.3
178,179,Midland,Texas,146038,53.7
179,180,Rockford,Illinois,145609,-4
180,181,Paterson,New Jersey,145233,-2.7
181,182,Savannah,Georgia,144464,8.8
182,183,Bridgeport,Connecticut,144399,3.4
183,184,Torrance,California,143592,3.8
184,185,McAllen,Texas,143268,33.8
185,186,Syracuse,New York,142327,-2.5
186,187,Surprise,Arizona,141664,337.9
187,188,Denton,Texas,141541,69.2
188,189,Roseville,California,141500,74
189,190,Thornton,Colorado,141464,69.8
190,191,Miramar,Florida,141191,89.3
191,192,Pasadena,California,141029,4.8
192,193,Mesquite,Texas,140937,12.7
193,194,Olathe,Kansas,140545,49.7
194,195,Dayton,Ohio,140407,-15.3
195,196,Carrollton,Texas,139248,26.3
196,197,Waco,Texas,139236,21.4
197,198,Orange,California,138669,6.7
198,199,Fullerton,California,138632,9.5
199,200,Charleston,South Carolina,137566,38.9
200,201,West Valley City,Utah,135248,23.8
201,202,Visalia,California,134605,40.7
202,203,Hampton,Virginia,134510,-8.1
203,204,Gainesville,Florida,133997,18.5
204,205,Warren,Michigan,133943,-3
205,206,Coral Springs,Florida,133759,11.7
206,207,Cedar Rapids,Iowa,133562,9.6
207,208,Round Rock,Texas,133372,119.8
208,209,Sterling Heights,Michigan,132438,6.2
209,210,Kent,Washington,132319,64.1
210,211,Columbia,South Carolina,131674,10.3
211,212,Santa Clara,California,130365,27.3
212,213,New Haven,Connecticut,130250,5.2
213,214,Stamford,Connecticut,129638,10.3
214,215,Concord,California,129295,5.7
215,216,Elizabeth,New Jersey,129216,6.9
216,217,Athens-Clarke County,Georgia,126913,25.9
217,218,Thousand Oaks,California,126813,7.9
218,219,Lafayette,Louisiana,126185,12.7
219,220,Simi Valley,California,125613,12.1
220,221,Topeka,Kansas,125310,1.5
221,222,Norman,Oklahoma,124880,28.9
222,223,Fargo,North Dakota,124662,37
223,224,Wilmington,North Carolina,123744,37.8
224,225,Abilene,Texas,123420,6.5
225,226,Odessa,Texas,123334,36.2
226,227,Columbia,Missouri,123195,43.2
227,228,Pearland,Texas,122460,165.8
228,229,Victorville,California,122385,89.6
229,230,Hartford,Connecticut,122105,-1.6
230,231,Vallejo,California,121692,3.6
231,232,Allentown,Pennsylvania,121442,13.9
232,233,Berkeley,California,121363,17.7
233,234,Richardson,Texas,121323,31.4
234,235,Arvada,Colorado,121272,18.5
235,236,Ann Arbor,Michigan,119980,4.6
236,237,Rochester,Minnesota,118935,33
237,238,Cambridge,Massachusetts,118927,16.9
238,239,Sugar Land,Texas,118488,82.5
239,240,Lansing,Michigan,118210,-0.9
240,241,Evansville,Indiana,117979,-2.7
241,242,College Station,Texas,117911,71.1
242,243,Fairfield,California,117133,20.9
243,244,Clearwater,Florida,116946,6.7
244,245,Beaumont,Texas,116825,2.9
245,246,Independence,Missouri,116672,2.7
246,247,Provo,Utah,116618,10.3
247,248,West Jordan,Utah,116480,46.5
248,249,Murrieta,California,116223,124.3
249,250,Palm Bay,Florida,115552,45.1
250,251,El Monte,California,115487,-0.6
251,253,North Charleston,South Carolina,115382,41.2
252,252,Carlsbad,California,115382,45.2
253,254,Temecula,California,114761,67
254,255,Clovis,California,114584,63.8
255,256,Springfield,Illinois,114230,1.7
256,257,Meridian,Idaho,114161,210.8
257,258,Westminster,Colorado,113166,11.6
258,259,Costa Mesa,California,113003,3.2
259,260,High Point,North Carolina,112791,30.2
260,261,Manchester,New Hampshire,112673,5
261,262,Pueblo,Colorado,112361,10
262,263,Lakeland,Florida,112136,31.8
263,264,Pompano Beach,Florida,112118,11.7
264,265,West Palm Beach,Florida,111955,35
265,266,Antioch,California,111502,21.7
266,267,Everett,Washington,111475,15.7
267,268,Downey,California,111126,3.3
268,269,Lowell,Massachusetts,110997,5.5
269,270,Centennial,Colorado,110937,8.2
270,271,Elgin,Illinois,110849,16.7
271,272,Richmond,California,110567,10.9
272,273,Peoria,Illinois,110417,-2.3
273,274,Broken Arrow,Oklahoma,110198,36.5
274,275,Miami Gardens,Florida,110001,9.1
275,276,Billings,Montana,109577,19.1
276,277,Jurupa Valley,California,109527,0
277,278,Sandy Springs,Georgia,109452,28.8
278,279,Gresham,Oregon,109381,20.6
279,280,Lewisville,Texas,109212,39.3
280,281,Hillsboro,Oregon,109128,52.9
281,282,San Buenaventura (Ventura),California,109106,7.7
282,283,Greeley,Colorado,108649,38.6
283,284,Inglewood,California,108151,-4
284,285,Waterbury,Connecticut,107568,0.2
285,286,League City,Texas,107536,134.4
286,287,Santa Maria,California,107263,37.3
287,288,Tyler,Texas,106985,26.6
288,289,Davie,Florida,106306,29.3
289,290,Daly City,California,106280,2.5
290,291,Boulder,Colorado,105673,11.7
291,292,Allen,Texas,105623,134.2
292,293,West Covina,California,105101,-0.1
293,294,Sparks,Nevada,105006,56.9
294,295,Wichita Falls,Texas,104683,0.5
295,296,Green Bay,Wisconsin,104578,1.7
296,297,San Mateo,California,104430,12.6
297,298,Norwalk,California,103949,-0.5
298,299,Rialto,California,103526,11.5
299,300,Las Cruces,New Mexico,103432,40.5
300,301,Chico,California,103301,33.9
301,302,El Cajon,California,102708,8
302,303,Burbank,California,102511,2
303,304,South Bend,Indiana,102026,-5.8
304,305,Renton,Washington,101751,97.6
305,306,Vista,California,101638,12.9
306,307,Davenport,Iowa,101590,3.4
307,308,Edinburg,Texas,101170,106.7
308,309,Tuscaloosa,Alabama,101129,28.5
309,310,Carmel,Indiana,101068,88.6
310,311,Spokane Valley,Washington,101060,24.9
311,312,San Angelo,Texas,101004,14.2
312,313,Vacaville,California,100670,12.5
313,314,Bend,Oregon,100421,90.8
314,315,Kenosha,Wisconsin,99944,9.6
315,316,Boca Raton,Florida,99805,20
316,317,Lee's Summit,Missouri,99357,39.9
317,318,Nampa,Idaho,99277,81.2
318,319,Rio Rancho,New Mexico,99178,88.1
319,320,South Fulton,Georgia,99155,0
320,321,Roanoke,Virginia,99143,4.5
321,322,Beaverton,Oregon,99037,23.9
322,323,Yuma,Arizona,98285,24.2
323,324,Lawrence,Kansas,98193,21.8
324,325,Orem,Utah,97828,15.8
325,326,Longmont,Colorado,97261,34.6
326,327,San Marcos,California,96664,73
327,328,Albany,New York,96460,2
328,329,Sandy,Utah,96380,8.2
329,330,Concord,North Carolina,96341,70.1
330,331,Federal Way,Washington,96289,13
331,332,Hesperia,California,95750,51.8
332,333,Brockton,Massachusetts,95708,1.3
333,334,Compton,California,95605,2
334,335,Flint,Michigan,95538,-23.4
335,336,Erie,Pennsylvania,95508,-7.8
336,337,New Bedford,Massachusetts,95363,1.5
337,338,Fishers,Indiana,95310,144.1
338,339,Sunrise,Florida,95166,10.5
339,340,Roswell,Georgia,94763,16.1
340,341,Menifee,California,94756,121.5
341,342,Tracy,California,94740,63.2
342,343,Plantation,Florida,94580,13.8
343,344,Quincy,Massachusetts,94470,6.9
344,345,Portsmouth,Virginia,94398,-6
345,346,Mission Viejo,California,94381,0.8
346,347,Chino,California,94371,34.7
347,348,Lynn,Massachusetts,94299,5.7
348,349,Edmond,Oklahoma,94054,37.1
349,350,Dearborn,Michigan,93932,-3.9
350,351,Livonia,Michigan,93665,-6.9
351,352,Yakima,Washington,93637,12.1
352,353,South Gate,California,93444,-3.2
353,354,Greenville,North Carolina,93400,48.7
354,355,Lawton,Oklahoma,93025,0.5
355,356,Kirkland,Washington,93010,106.5
356,357,Asheville,North Carolina,92870,27.4
357,358,Deltona,Florida,92757,32.3
358,359,Redding,California,92590,13.7
359,360,Bellingham,Washington,92314,36.1
360,361,Suffolk,Virginia,92108,43.4
361,362,Indio,California,91765,82.3
362,363,Mount Pleasant,South Carolina,91684,87.5
363,364,Carson,California,91394,1.5
364,365,Santa Barbara,California,91364,1.9
365,366,Conroe,Texas,91079,134
366,367,Westminster,California,90643,2.7
367,368,Santa Monica,California,90401,7.1
368,369,New Braunfels,Texas,90209,133.8
369,370,Livermore,California,90189,21.9
370,371,Palm Coast,Florida,89800,170.5
371,372,St. George,Utah,89587,78.5
372,373,Fall River,Massachusetts,89541,-2.7
373,374,Nashua,New Hampshire,89355,2.9
374,375,Champaign,Illinois,88909,26.1
375,376,Miami Beach,Florida,88885,0.9
376,377,Norwalk,Connecticut,88816,6.9
377,378,San Leandro,California,88815,11.3
378,379,O'Fallon,Missouri,88673,74.2
379,380,Newton,Massachusetts,88414,5.5
380,381,Reading,Pennsylvania,88375,8.6
381,382,Avondale,Arizona,87931,136
382,383,Fort Smith,Arkansas,87891,8.9
383,384,Citrus Heights,California,87796,2.8
384,385,Ogden,Utah,87773,13.1
385,386,Fayetteville,Arkansas,87590,47.4
386,387,Fort Myers,Florida,87103,67.5
387,388,Goodyear,Arizona,86840,342.2
388,389,Bryan,Texas,86276,30.8
389,390,Waukegan,Illinois,86075,-2.5
390,391,Hawthorne,California,86068,2.2
391,392,Redwood City,California,85925,13.8
392,393,Hoover,Alabama,85768,35.3
393,394,Bloomington,Indiana,85755,20.6
394,395,Duluth,Minnesota,85618,-0.7
395,396,Lake Forest,California,85531,12.4
396,397,Hemet,California,85334,43.6
397,398,Whittier,California,85098,1.5
398,399,Clifton,New Jersey,85052,7.5
399,400,Largo,Florida,84948,13.9
400,401,Bloomington,Minnesota,84943,-0.2
401,402,Danbury,Connecticut,84694,12.7
402,403,Santa Fe,New Mexico,84683,33.8
403,404,Johns Creek,Georgia,84579,39.4
404,405,Newport Beach,California,84534,6.9
405,406,Kennewick,Washington,84347,41.9
406,407,Mission,Texas,84331,81.6
407,408,Milpitas,California,84196,33.9
408,409,Troy,Michigan,84092,3.8
409,410,Chino Hills,California,83853,24.4
410,411,Alhambra,California,83750,-1.6
411,412,Merced,California,83676,29.4
412,413,Trenton,New Jersey,83203,-2.5
413,414,Franklin,Tennessee,83097,79.1
414,415,Medford,Oregon,83072,25.2
415,416,Melbourne,Florida,83029,13.5
416,417,Manteca,California,83028,64.7
417,418,Mountain View,California,82739,17
418,419,Sioux City,Iowa,82651,-2.7
419,420,Lynchburg,Virginia,82168,25.8
420,421,Buena Park,California,81788,4.7
421,422,Pleasanton,California,81777,27.1
422,423,Longview,Texas,81631,11.9
423,424,Westland,Michigan,81511,-5.9
424,425,Auburn,Washington,81464,46.8
425,426,Cranston,Rhode Island,81456,2.5
426,427,Somerville,Massachusetts,81360,4.9
427,428,Folsom,California,81328,54.2
428,429,Springdale,Arkansas,81125,69.5
429,430,Deerfield Beach,Florida,81066,8.9
430,431,Warwick,Rhode Island,81004,-5.7
431,432,Cicero,Illinois,80796,-5.4
432,433,Farmington Hills,Michigan,80612,-1.7
433,434,Brooklyn Park,Minnesota,80389,19
434,435,Lawrence,Massachusetts,80028,10.8
435,436,Plymouth,Minnesota,79768,20.7
436,437,Buckeye,Arizona,79620,716
437,438,Georgetown,Texas,79604,178.3
438,439,Cedar Park,Texas,79462,204.1
439,440,Tustin,California,79348,17.1
440,441,Lakewood,California,79307,-0.1
441,442,Perris,California,79291,117.8
442,443,Flower Mound,Texas,79135,52.8
443,444,Pharr,Texas,79112,66.9
444,445,Loveland,Colorado,78877,52
445,446,Boynton Beach,Florida,78679,29.8
446,447,New Rochelle,New York,78557,8.6
447,448,Temple,Texas,78439,42
448,449,Lake Charles,Louisiana,78396,9.1
449,450,Jonesboro,Arkansas,78394,40.5
450,451,Napa,California,78130,7.2
451,452,Parma,Ohio,78103,-8.6
452,453,Layton,Utah,78014,32.5
453,454,Alameda,California,77624,7
454,455,Warner Robins,Georgia,77617,55.9
455,456,Rapid City,South Dakota,77503,29
456,457,Bloomington,Illinois,77330,17.7
457,458,Gastonia,North Carolina,77273,14.2
458,459,Baytown,Texas,77192,15.8
459,460,Upland,California,77140,12
460,461,Racine,Wisconsin,76760,-6.2
461,462,Scranton,Pennsylvania,76653,1
462,463,South Jordan,Utah,76598,158.2
463,464,Bellflower,California,76435,4.7
464,465,Kalamazoo,Michigan,76200,-1
465,466,San Ramon,California,75995,69.1
466,467,Bethlehem,Pennsylvania,75815,6.3
467,468,Wyoming,Michigan,75667,8.7
468,469,Hammond,Indiana,75522,-8.8
469,470,Missoula,Montana,75516,30.8
470,471,Missouri City,Texas,75457,41
471,472,Pasco,Washington,75432,121.5
472,473,Baldwin Park,California,75251,-0.9
473,474,Iowa City,Iowa,75130,19.5
474,475,Rancho Cordova,California,75087,39.7
475,476,Rock Hill,South Carolina,75048,47.8
476,477,Flagstaff,Arizona,75038,41.3
477,478,Gary,Indiana,74879,-26.9
478,479,St. Joseph,Missouri,74875,1
479,480,Arlington Heights,Illinois,74760,-2.2
480,481,Bolingbrook,Illinois,74545,30.8
481,482,Rochester Hills,Michigan,74516,8
482,483,Framingham,Massachusetts,74416,0
483,484,Union City,California,74107,9.8
484,485,Appleton,Wisconsin,74098,5.2
485,486,Turlock,California,73631,29.2
486,487,Camden,New Jersey,73562,-7.7
487,488,Bismarck,North Dakota,73529,31.7
488,489,Evanston,Illinois,73473,-0.9
489,490,Apple Valley,California,73453,34.5
490,491,Schaumburg,Illinois,72887,-3.2
491,492,Woodbury,Minnesota,72828,55
492,493,Kissimmee,Florida,72717,47.9
493,494,Southfield,Michigan,72689,-7.1
494,495,Maple Grove,Minnesota,72622,41.3
495,496,Pittsburg,California,72588,26.9
496,497,New Britain,Connecticut,72495,1.3
497,498,Jacksonville,North Carolina,72436,10.1
498,499,Mansfield,Texas,72419,154.8
499,500,Waukesha,Wisconsin,72299,10
500,501,Frederick,Maryland,72244,36
501,502,Albany,Georgia,72130,-5.9
502,503,Pawtucket,Rhode Island,72117,-1.2
503,504,Redmond,Washington,71929,57.6
504,505,Lauderhill,Florida,71868,7.3
505,506,Lafayette,Indiana,71721,16.7
506,507,Gulfport,Mississippi,71705,0.3
507,508,Redlands,California,71513,11.7
508,509,Weston,Florida,71166,40
509,510,St. Charles,Missouri,71028,17
510,511,Decatur,Illinois,70746,-13.6
511,512,North Port,Florida,70724,204.2
512,513,North Richland Hills,Texas,70670,26.2
513,514,Greenville,South Carolina,70635,24.5
514,515,Bowling Green,Kentucky,70543,42.4
515,516,Broomfield,Colorado,70465,78.1
516,517,Canton,Ohio,70447,-12.9
517,518,Marysville,Washington,70298,139.6
518,520,Wilmington,Delaware,70166,-3.5
519,519,Walnut Creek,California,70166,8.6
520,521,Camarillo,California,69888,21.5
521,522,Lynwood,California,69887,0
522,523,Lehi,Utah,69724,254.2
523,524,Passaic,New Jersey,69703,2.6
524,525,Homestead,Florida,69523,117.8
525,526,Delray Beach,Florida,69451,15.1
526,527,Davis,California,69413,17.3
527,528,Lake Elsinore,California,69283,136.7
528,529,Daytona Beach,Florida,69186,8.4
529,530,Dothan,Alabama,68941,18.2
530,531,Rocklin,California,68823,84.7
531,532,Eau Claire,Wisconsin,68802,10.7
532,533,Rogers,Arkansas,68669,72
533,534,Castle Rock,Colorado,68484,227.2
534,535,St. Cloud,Minnesota,68462,14.5
535,536,Bossier City,Louisiana,68159,20.6
536,537,Rockville,Maryland,68079,42.3
537,538,Muncie,Indiana,67999,-4
538,539,Gaithersburg,Maryland,67985,28.6
539,540,Union City,New Jersey,67982,1.3
540,541,West Des Moines,Iowa,67899,43.9
541,542,South San Francisco,California,67789,11.8
542,543,Yorba Linda,California,67644,14.4
543,544,Conway,Arkansas,67638,54.8
544,545,Lodi,California,67586,17.5
545,546,Palatine,Illinois,67482,1.7
546,547,Ankeny,Iowa,67355,144.1
547,548,Mount Vernon,New York,67345,-1.5
548,549,Rowlett,Texas,67339,49.2
549,550,Waterloo,Iowa,67328,-2
550,551,Lakeville,Minnesota,67317,54.4
551,552,Alpharetta,Georgia,67213,44.2
552,553,Jackson,Tennessee,67191,12.1
553,554,Yuba City,California,67010,31.1
554,555,Oshkosh,Wisconsin,67004,5.7
555,556,Victoria,Texas,66916,10.5
556,557,Johnson City,Tennessee,66906,19.4
557,558,Redondo Beach,California,66749,5.1
558,559,Tamarac,Florida,66721,19.2
559,560,Laguna Niguel,California,66385,5.6
560,561,Eagan,Minnesota,66372,4.1
561,562,Kenner,Louisiana,66340,-5.7
562,563,Auburn,Alabama,66259,42.9
563,564,Ames,Iowa,66258,30.1
564,565,Portland,Maine,66215,3.1
565,566,North Little Rock,Arkansas,65903,8.7
566,567,Sammamish,Washington,65892,89.3
567,568,Madera,California,65860,50.7
568,569,Shawnee,Kansas,65807,35.3
569,570,Jupiter,Florida,65791,64.9
570,571,Doral,Florida,65741,211.1
571,572,Blaine,Minnesota,65607,44.2
572,573,Tulare,California,65496,42.7
573,574,Youngstown,Ohio,65469,-19.8
574,575,Wellington,Florida,65398,68.4
575,576,Pflugerville,Texas,65380,171.7
576,577,Palo Alto,California,65364,11.5
577,578,Schenectady,New York,65273,5.7
578,579,Harlingen,Texas,65022,10.5
579,580,Bayonne,New Jersey,64897,4.9
580,581,Eden Prairie,Minnesota,64893,17.4
581,582,Port Orange,Florida,64842,39.2
582,583,Dublin,California,64826,111.5
583,584,San Marcos,Texas,64776,77.8
584,585,Noblesville,Indiana,64668,115.1
585,586,Santa Cruz,California,64608,15.6
586,587,Janesville,Wisconsin,64575,6.8
587,588,San Clemente,California,64558,27.6
588,589,Brentwood,California,64474,160.6
589,590,East Orange,New Jersey,64367,-7.7
590,591,Cheyenne,Wyoming,64235,20.2
591,592,Eastvale,California,64157,0
592,593,Chapel Hill,North Carolina,64051,33.3
593,594,Haverhill,Massachusetts,64014,8.2
594,595,Lorain,Ohio,63855,-7
595,596,Grand Junction,Colorado,63597,39.3
596,597,Springfield,Oregon,63230,18.1
597,598,Coon Rapids,Minnesota,62998,2
598,599,Idaho Falls,Idaho,62888,23
599,600,North Miami,Florida,62822,5.1
600,601,Encinitas,California,62709,7.7
601,602,Skokie,Illinois,62700,-1
602,603,Leander,Texas,62608,641
603,604,Waltham,Massachusetts,62495,5.5
604,605,Council Bluffs,Iowa,62166,6.5
605,606,Hamilton,Ohio,62082,2.4
606,607,Moore,Oklahoma,62055,50.3
607,608,Pico Rivera,California,62027,-2.3
608,609,Montebello,California,61954,-0.4
609,610,Millcreek,Utah,61450,0
610,611,Sanford,Florida,61448,56.7
611,612,National City,California,61394,13
612,613,Burnsville,Minnesota,61339,1.7
613,614,Coconut Creek,Florida,61248,38.4
614,615,Lakewood,Washington,61037,4.4
615,616,Taylor,Michigan,60922,-7.6
616,617,Novi,Michigan,60896,28.2
617,618,Marietta,Georgia,60867,-0.9
618,619,Ocala,Florida,60786,27.8
619,620,Terre Haute,Indiana,60622,1.8
620,621,Woodland,California,60548,21.7
621,622,Petaluma,California,60520,10.3
622,623,La Habra,California,60513,1.7
623,624,Malden,Massachusetts,60470,7.4
624,625,Commerce City,Colorado,60336,185.3
625,626,Owensboro,Kentucky,60131,10.8
626,627,Bristol,Connecticut,59947,-0.5
627,628,West Allis,Wisconsin,59890,-1.9
628,629,Taylorsville,Utah,59805,1.7
629,630,Utica,New York,59750,-1.1
630,631,Monterey Park,California,59669,-0.8
631,632,Bonita Springs,Florida,59637,80.4
632,633,Porterville,California,59599,29.7
633,634,Greenwood,Indiana,59458,61.8
634,635,Bartlett,Tennessee,59440,34.4
635,637,Vineland,New Jersey,59439,6.5
636,636,Bradenton,Florida,59439,18.7
637,638,Pontiac,Michigan,59438,-12.1
638,639,Meriden,Connecticut,59395,1.9
639,640,Gardena,California,59329,2.4
640,641,Apex,North Carolina,59300,179.2
641,642,Royal Oak,Michigan,59277,-1.1
642,643,Cupertino,California,59276,12.6
643,644,Lancaster,Pennsylvania,59265,4.3
644,645,La Mesa,California,59249,8.1
645,646,Gilroy,California,59032,41.5
646,647,St. Clair Shores,Michigan,58984,-6.3
647,648,Des Plaines,Illinois,58899,3.1
648,649,Springfield,Ohio,58877,-10.6
649,650,Corvallis,Oregon,58856,19
650,651,Margate,Florida,58796,8.9
651,652,Bowie,Maryland,58643,12.2
652,653,Casa Grande,Arizona,58632,117.6
653,654,Caldwell,Idaho,58481,111.5
654,655,San Rafael,California,58440,4.1
655,656,Great Falls,Montana,58434,2.3
656,657,Sarasota,Florida,58285,10.9
657,658,Richland,Washington,58225,49.5
658,659,St. Peters,Missouri,58212,13
659,660,Hendersonville,Tennessee,58113,41.5
660,661,White Plains,New York,58109,9
661,662,Huntersville,North Carolina,58098,122.2
662,663,Santee,California,58081,9.4
663,664,Kokomo,Indiana,58020,23.7
664,665,Arcadia,California,57939,8.9
665,666,Casper,Wyoming,57931,16.5
666,667,Dubuque,Iowa,57882,0.3
667,668,Orland Park,Illinois,57857,12.5
668,669,Weymouth Town,Massachusetts,57746,0
669,670,Parker,Colorado,57706,133.2
670,671,Palm Beach Gardens,Florida,57704,58.9
671,672,Hanford,California,57703,37.5
672,673,Huntington Park,California,57509,-6.3
673,674,Taunton,Massachusetts,57464,2.3
674,675,Midwest City,Oklahoma,57407,5.7
675,676,Medford,Massachusetts,57341,3
676,677,Euless,Texas,57197,23.6
677,678,Shoreline,Washington,57027,7.2
678,679,Smyrna,Georgia,56666,27.2
679,680,Pocatello,Idaho,56637,9.8
680,681,Valdosta,Georgia,56457,22.3
681,682,Carson City,Nevada,55916,6.4
682,683,Lake Havasu City,Arizona,55865,31.7
683,684,Grand Forks,North Dakota,55839,13.3
684,685,Blue Springs,Missouri,55829,15.1
685,686,Southaven,Mississippi,55780,89
686,687,Tinley Park,Illinois,55773,13.2
687,688,Diamond Bar,California,55720,-1.1
688,689,New Brunswick,New Jersey,55676,15.2
689,690,Lenexa,Kansas,55625,37.7
690,691,Brookhaven,Georgia,55554,0
691,692,Novato,California,55516,16.1
692,693,Tigard,Oregon,55514,29.6
693,694,Highland,California,55417,23.5
694,695,Fountain Valley,California,55357,0.5
695,696,Dearborn Heights,Michigan,55353,-5.1
696,697,Albany,Oregon,55338,34.7
697,698,Grapevine,Texas,55281,29.5
698,699,Apple Valley,Minnesota,55135,20
699,700,Chicopee,Massachusetts,55126,0.7
700,701,Hempstead,New York,55113,3.6
701,702,Oak Lawn,Illinois,55022,-0.3
702,703,Cathedral City,California,55007,28
703,704,Bentonville,Arkansas,54909,170.3
704,705,Stonecrest,Georgia,54903,0
705,706,Kettering,Ohio,54855,-4.8
706,707,Colton,California,54824,14.1
707,708,Anderson,Indiana,54765,-8.1
708,709,West Haven,Connecticut,54620,4.2
709,710,Burlington,North Carolina,54606,18.8
710,711,Manhattan,Kansas,54604,19.4
711,712,St. Cloud,Florida,54579,148.4
712,713,Normal,Illinois,54469,19.3
713,714,Decatur,Alabama,54445,0.6
714,715,Berwyn,Illinois,54391,0.7
715,716,Port Arthur,Texas,54280,-5.8
716,717,Kingsport,Tennessee,54127,19.2
717,718,Minnetonka,Minnesota,54064,5.7
718,719,Rosemead,California,54058,0.8
719,720,Paramount,California,53955,-2.5
720,721,Rocky Mount,North Carolina,53922,-8.3
721,722,Yucaipa,California,53921,30.1
722,723,Watsonville,California,53856,15.7
723,724,Elyria,Ohio,53757,-4.1
724,725,Leesburg,Virginia,53727,87
725,726,Mount Prospect,Illinois,53719,-4.4
726,727,Pinellas Park,Florida,53637,13.7
727,728,Delano,California,53573,34.8
728,729,Bellevue,Nebraska,53544,20.2
729,730,West Sacramento,California,53519,66.9
730,731,Apopka,Florida,53447,92.1
731,732,Palm Desert,California,53275,19.4
732,733,Milford,Connecticut,53195,4.9
733,734,Little Elm,Texas,53126,1076.9
734,735,Revere,Massachusetts,53073,12
735,736,Peabody,Massachusetts,53070,9.7
736,737,Wylie,Texas,53067,239.6
737,738,Harrisonburg,Virginia,53016,31.1
738,739,DeSoto,Texas,52988,40
739,740,Pensacola,Florida,52975,-5.5
740,741,Olympia,Washington,52882,22.6
741,742,Edina,Minnesota,52857,11.5
742,743,Wheaton,Illinois,52745,-5
743,744,West New York,New Jersey,52723,14.6
744,745,Hoboken,New Jersey,52677,36.1
745,746,Lacey,Washington,52592,66
746,747,Summerville,South Carolina,52549,85.8
747,748,Coeur d'Alene,Idaho,52414,50
748,749,Oak Park,Illinois,52381,-0.2
749,750,Elkhart,Indiana,52358,-0.4
750,751,Maricopa,Arizona,52127,2882
751,752,Kentwood,Michigan,51898,14.2
752,753,Madison,Alabama,51593,73.1
753,754,Smyrna,Tennessee,51586,85.5
754,755,Glendora,California,51544,4.1
755,756,Logan,Utah,51542,20.6
756,757,Burien,Washington,51500,61.8
757,758,Perth Amboy,New Jersey,51390,8.4
758,759,Herriman,Utah,51348,1481.8
759,760,Grand Island,Nebraska,51267,17.7
760,761,Placentia,California,51233,9.7
761,762,La Crosse,Wisconsin,51227,-1.3
762,763,Battle Creek,Michigan,51093,-4.2
763,764,Beaumont,California,51063,347.1
764,765,Collierville,Tennessee,51040,54.7
765,766,West Lafayette,Indiana,50996,77.6
766,767,Florissant,Missouri,50952,-5.4
767,768,Hoffman Estates,Illinois,50932,2.4
768,769,Joplin,Missouri,50925,11.5
769,770,Queen Creek,Arizona,50890,1468.7
770,771,Aliso Viejo,California,50887,27.2
771,772,Kannapolis,North Carolina,50841,35.9
772,773,Methuen,Massachusetts,50706,15.3
773,774,Galveston,Texas,50446,-12.2
774,775,Mishawaka,Indiana,50363,7.1
775,776,Plainfield,New Jersey,50317,5.1
776,777,Newark,Ohio,50315,8.6
777,778,Stillwater,Oklahoma,50299,28.1
778,779,Twin Falls,Idaho,50197,43.6
779,780,Texas City,Texas,50094,19.9
780,781,Azusa,California,49974,11.4
781,782,Cerritos,California,49859,-3.3
782,783,Bozeman,Montana,49831,77.4
783,784,Coral Gables,Florida,49700,16.3
784,785,Enid,Oklahoma,49688,5.9
785,786,Lakewood,Ohio,49678,-12
786,787,Lawrence,Indiana,49462,26.5
787,788,Wilson,North Carolina,49459,9.7
788,789,Portage,Michigan,49445,10
789,790,Dunwoody,Georgia,49356,0
790,791,Poway,California,49323,2.2
791,792,Harrisburg,Pennsylvania,49271,0.8
792,793,San Jacinto,California,49215,105.9
793,794,Troy,New York,49154,-0.1
794,795,Newark,California,49149,15.1
795,796,Cuyahoga Falls,Ohio,49106,-0.6
796,797,Downers Grove,Illinois,49057,-1.2
797,798,Bedford,Texas,49049,3.8
798,799,Dublin,Ohio,49037,54.8
799,800,Marana,Arizona,49030,240.9
800,801,Cypress,California,49006,5.1
801,802,Murray,Utah,48917,7.3
802,803,Middletown,Ohio,48807,-5.4
803,804,Ceres,California,48706,39.7
804,805,St. Louis Park,Minnesota,48662,10.1
805,806,Draper,Utah,48587,90.4
806,807,Palm Springs,California,48518,12.9
807,808,Kyle,Texas,48393,708.1
808,809,Lincoln,California,48275,311
809,810,Ocoee,Florida,48263,94.5
810,811,Burleson,Texas,48225,119.5
811,812,La Mirada,California,48183,2.6
812,813,Farmers Branch,Texas,48158,75.1
813,814,East Lansing,Michigan,48145,3.3
814,815,Jeffersonville,Indiana,48126,60.6
815,816,Wauwatosa,Wisconsin,48118,2.1
816,817,Saginaw,Michigan,48115,-21.8
817,818,Littleton,Colorado,48065,18.8
818,819,Columbus,Indiana,48046,22.2
819,820,Sheboygan,Wisconsin,47965,-5.4
820,821,Cedar Hill,Texas,47930,46.2
821,822,Rancho Santa Margarita,California,47896,1.8
822,823,Beavercreek,Ohio,47741,24.3
823,824,Niagara Falls,New York,47720,-14
824,825,East Providence,Rhode Island,47618,-2.3
825,826,Roswell,New Mexico,47551,5.2
826,827,Chesterfield,Missouri,47538,1.4
827,828,San Luis Obispo,California,47459,6.9
828,829,Covina,California,47450,1.1
829,830,Bothell,Washington,47415,55.6
830,831,Minot,North Dakota,47382,29.5
831,832,Glenview,Illinois,47308,9.5
832,833,Monroe,Louisiana,47294,-10.7
833,834,Charlottesville,Virginia,47266,17.8
834,835,Mentor,Ohio,47262,-6.1
835,836,Keller,Texas,47213,68.7
836,837,Roseville,Michigan,47018,-2.1
837,838,Elmhurst,Illinois,46746,8.4
838,839,Mansfield,Ohio,46599,-9.8
839,840,Titusville,Florida,46580,13.6
840,842,Salina,Kansas,46550,1.6
841,841,Euclid,Ohio,46550,-11.5
842,843,Charleston,West Virginia,46536,-12.7
843,844,Prescott Valley,Arizona,46515,90.4
844,845,Everett,Massachusetts,46451,21.3
845,846,Middletown,Connecticut,46258,1.2
846,847,Biloxi,Mississippi,46212,-8.8
847,848,Alexandria,Louisiana,46180,-0.7
848,849,Fort Pierce,Florida,46103,14.4
849,850,Winter Garden,Florida,46051,196.2
850,851,Oro Valley,Arizona,46044,40.5
851,852,Morgan Hill,California,45952,34.5
852,853,Rockwall,Texas,45888,143.6
853,854,Hattiesburg,Mississippi,45863,-0.5
854,855,Coachella,California,45743,100
855,856,Wake Forest,North Carolina,45629,248.9
856,857,Cleveland,Tennessee,45504,21.4
857,858,Attleboro,Massachusetts,45237,7.8
858,859,Oakland Park,Florida,45202,7.2
859,860,Huntington,West Virginia,45110,-12.8
860,861,Winter Haven,Florida,44955,63.9
861,862,Strongsville,Ohio,44660,1.7
862,863,Danville,California,44510,6.5
863,864,Barnstable Town,Massachusetts,44477,-7.4
864,865,Riverton,Utah,44440,75.5
865,866,The Colony,Texas,44438,64.1
866,867,Binghamton,New York,44399,-6
867,868,Urbandale,Iowa,44379,50.4
868,869,Farmington,New Mexico,44372,15.4
869,870,Plainfield,Illinois,44308,222.3
870,871,Lombard,Illinois,44303,3.8
871,872,Prescott,Arizona,44299,28.9
872,873,North Lauderdale,Florida,44262,14.7
873,874,Blacksburg,Virginia,44233,11
874,875,Hackensack,New Jersey,44188,3.1
875,876,Sayreville,New Jersey,44173,9
876,877,Altamonte Springs,Florida,44143,6.8
877,878,El Centro,California,44079,15.6
878,879,Sherman,Texas,44002,24.9
879,880,Cleveland Heights,Ohio,43992,-13.1
880,881,Bountiful,Utah,43981,6.2
881,882,York,Pennsylvania,43932,6.4
882,883,Peachtree Corners,Georgia,43905,0
883,884,Haltom City,Texas,43874,12.1
884,885,Spring Hill,Tennessee,43769,430.4
885,886,Ormond Beach,Florida,43759,19.7
886,887,Cutler Bay,Florida,43718,44.2
887,888,Goose Creek,South Carolina,43665,38.3
888,889,Moorhead,Minnesota,43652,34.4
889,890,Westfield,Indiana,43649,182.3
890,891,Concord,New Hampshire,43627,7
891,892,Altoona,Pennsylvania,43364,-12.2
892,893,Rohnert Park,California,43291,4.6
893,894,Fond du Lac,Wisconsin,43263,2.4
894,895,Brea,California,43255,21.7
895,896,Gainesville,Georgia,43232,64.1
896,897,Salem,Massachusetts,43226,6.8
897,898,Sierra Vista,Arizona,43045,13.8
898,899,North Miami Beach,Florida,43041,3.1
899,900,Freeport,New York,42956,-1.9
900,901,Mankato,Minnesota,42931,31.7
901,902,Gallatin,Tennessee,42918,82.1
902,903,Lompoc,California,42853,3.9
903,904,DeKalb,Illinois,42847,9.3
904,905,Burlington,Vermont,42819,7.4
905,906,San Bruno,California,42807,6.5
906,907,Brentwood,Tennessee,42783,62.4
907,908,Jefferson City,Missouri,42708,5.2
908,909,Edmonds,Washington,42605,7.7
909,910,Apache Junction,Arizona,42571,32.6
910,911,Fairfield,Ohio,42558,1
911,912,Oakley,California,42543,64.5
912,913,Linden,New Jersey,42361,7.3
913,914,Puyallup,Washington,42361,22.7
914,915,Huntsville,Texas,42241,20.1
915,916,Urbana,Illinois,42214,11.5
916,917,Beverly,Massachusetts,42174,5.8
917,918,State College,Pennsylvania,42160,9.8
918,919,Pittsfield,Massachusetts,42142,-7.7
919,920,Schertz,Texas,42042,99.7
920,921,Bell Gardens,California,42012,-4.7
921,922,Oviedo,Florida,41860,58.3
922,923,Grove City,Ohio,41820,51.2
923,924,Campbell,California,41793,7.3
924,925,Wentzville,Missouri,41784,459.5
925,926,Woonsocket,Rhode Island,41751,-3.5
926,927,La Quinta,California,41748,69.8
927,928,Leominster,Massachusetts,41716,0.5
928,929,Midland,Michigan,41701,-0.2
929,930,Weslaco,Texas,41629,44.6
930,931,Newnan,Georgia,41581,152.4
931,932,Shakopee,Minnesota,41570,97.1
932,933,Brighton,Colorado,41554,95.1
933,934,Rancho Palos Verdes,California,41530,0.7
934,935,Pine Bluff,Arkansas,41474,-24.6
935,936,Coppell,Texas,41421,13.2
936,937,Bremerton,Washington,41405,11.2
937,938,Moline,Illinois,41356,-5.9
938,939,Delaware,Ohio,41283,59.4
939,940,Findlay,Ohio,41225,5.1
940,941,Westfield,Massachusetts,41204,2.7
941,942,Hickory,North Carolina,41171,9.2
942,943,Shelton,Connecticut,41129,7.6
943,944,Greenacres,Florida,41117,44
944,945,Westerville,Ohio,41103,15.8
945,946,Manassas,Virginia,41085,17.7
946,947,Kearny,New Jersey,41058,1.3
947,948,Los Banos,California,41036,55.9
948,949,Spanish Fork,Utah,40913,97.2
949,950,Belleville,Illinois,40897,-3.4
950,951,Maplewood,Minnesota,40885,15.5
951,952,Bullhead City,Arizona,40884,20.3
952,953,Florence,Alabama,40797,12.2
953,954,Wilkes-Barre,Pennsylvania,40766,-5.1
954,955,Hollister,California,40740,16.9
955,956,Bartlett,Illinois,40647,10.3
956,957,Fitchburg,Massachusetts,40638,4.1
957,958,Cape Girardeau,Missouri,40559,14.3
958,959,Cedar Falls,Iowa,40536,11.9
959,960,Lancaster,Ohio,40505,14
960,961,Buffalo Grove,Illinois,40494,-6.4
961,962,Royal Palm Beach,Florida,40396,83.8
962,963,Hutchinson,Kansas,40383,-3.4
963,964,Marion,Iowa,40359,51.9
964,965,Covington,Kentucky,40341,-6.1
965,966,Columbia,Tennessee,40335,21.1
966,967,Friendswood,Texas,40290,37.9
967,968,Indian Trail,North Carolina,40252,195.4
968,969,Woburn,Massachusetts,40228,7.5
969,970,Holyoke,Massachusetts,40117,0.5
970,971,Hagerstown,Maryland,40100,9
971,972,Montclair,California,40083,18.1
972,973,Danville,Virginia,40044,-17
973,974,Quincy,Illinois,39949,-1.8
974,975,San Gabriel,California,39899,0
975,976,Hilton Head Island,South Carolina,39861,17.3
976,977,Hallandale Beach,Florida,39847,15.9
977,978,Crystal Lake,Illinois,39829,3.8
978,979,Calexico,California,39825,45.6
979,980,Lake Oswego,Oregon,39822,11.5
980,981,Romeoville,Illinois,39746,79.9
981,982,Plant City,Florida,39744,31.5
982,983,Keizer,Oregon,39713,22.6
983,984,New Berlin,Wisconsin,39691,3.2
984,985,Chelsea,Massachusetts,39690,13
985,986,Sumter,South Carolina,39642,-2.4
986,987,La Puente,California,39614,-3.6
987,988,Roy,Utah,39613,19
988,989,Marlborough,Massachusetts,39597,8.1
989,990,Milton,Georgia,39587,155
990,991,Issaquah,Washington,39509,128.3
991,993,Streamwood,Illinois,39228,7.1
992,992,Lancaster,Texas,39228,50.8
993,994,Germantown,Tennessee,39225,3.7
994,995,Annapolis,Maryland,39223,8.9
995,996,Carol Stream,Illinois,39203,-3.1
996,997,Culver City,California,39185,0.7
997,998,Hobbs,New Mexico,39141,36.7
998,999,Lynnwood,Washington,39141,15.6
999,1000,Mooresville,North Carolina,39132,100.7
