State,City,Walk Score,Transit Score,Bike Score,Population
FL,Jacksonville (the largest city in Florida),26,23,43,"821,784"
FL,Miami,78,57,65,"399,457"
FL,Tampa,49,34,57,"335,709"
FL,St. Petersburg,44,35,61,"244,769"
FL,Orlando,41,33,60,"238,300"
FL,Hialeah,69,39,58,"224,669"
FL,Tallahassee,32,31,47,"181,376"
FL,Fort Lauderdale,57,39,57,"165,521"
FL,Port St. Lucie,13,--,37,"164,603"
FL,Pembroke Pines,32,24,43,"154,750"
FL,Cape Coral,17,--,39,"154,305"
FL,Hollywood,54,34,54,"140,768"
FL,Gainesville,36,--,68,"124,354"
FL,Miramar,28,24,43,"122,041"
FL,Coral Springs,37,29,46,"121,096"
FL,Clearwater,43,29,57,"107,685"
FL,Miami Gardens,40,42,46,"107,167"
FL,Brandon,23,--,42,"103,483"
FL,Palm Bay,13,--,39,"103,190"
FL,West Palm Beach,43,--,52,"99,919"
FL,Pompano Beach,44,34,54,"99,845"
FL,Spring Hill,16,--,36,"98,621"
FL,Lakeland,37,--,52,"97,422"
FL,Davie,27,16,45,"91,992"
FL,Miami Beach,75,51,70,"87,779"
FL,Lehigh Acres,7,--,32,"86,784"
FL,Deltona,15,--,32,"85,182"
FL,Plantation,29,34,44,"84,955"
FL,Sunrise,37,33,46,"84,439"
FL,Boca Raton,38,--,57,"84,392"
FL,Town 'n' Country,33,27,47,"78,442"
FL,Alafaya,17,--,43,"78,113"
FL,Largo,43,31,53,"77,648"
FL,Melbourne,34,20,47,"76,068"
FL,Kendall,44,35,49,"75,371"
FL,Palm Coast,6,--,35,"75,180"
FL,Deerfield Beach,39,27,51,"75,018"
FL,Riverview,14,--,38,"71,050"
FL,Boynton Beach,35,--,46,"68,217"
FL,Lauderhill,41,36,49,"66,887"
FL,Weston,17,--,41,"65,333"
FL,Fort Myers,36,--,51,"62,298"
FL,Daytona Beach,37,29,52,"61,005"
FL,Delray Beach,37,--,50,"60,522"
FL,Homestead,34,25,47,"60,512"
FL,Tamarac,31,30,53,"60,427"
FL,Pine Hills,28,31,40,"60,076"
FL,Fountainebleau,49,43,53,"59,764"
FL,Kissimmee,30,27,50,"59,682"
FL,North Miami,63,43,54,"58,786"
FL,Palm Harbor,29,20,48,"57,439"
FL,North Port,6,12,33,"57,357"
FL,Wellington,20,12,37,"56,508"
FL,Ocala,28,19,44,"56,315"
FL,Kendale Lakes,45,34,53,"56,148"
FL,Port Orange,21,--,40,"56,048"
FL,Tamiami,39,32,45,"55,271"
FL,Jupiter,27,--,47,"55,156"
FL,Port Charlotte,17,--,39,"54,392"
FL,Sanford,26,20,42,"53,570"
FL,Margate,38,33,48,"53,284"
FL,Poinciana,3,--,29,"53,193"
FL,Coconut Creek,25,30,43,"52,909"
FL,Pensacola,35,--,50,"51,923"
FL,Sarasota,53,35,59,"51,917"
FL,The Villages,8,--,49,"51,442"
FL,The Hammocks,44,35,47,"51,003"
FL,Bradenton,41,27,45,"49,546"
FL,Pinellas Park,39,31,52,"49,079"
FL,Palm Beach Gardens,20,--,38,"48,452"
FL,Country Club,42,39,44,"47,105"
FL,Coral Gables,57,38,58,"46,780"
FL,Doral,39,35,55,"45,704"
FL,Wesley Chapel,9,--,35,"44,092"
FL,Bonita Springs,19,--,45,"43,914"
FL,Titusville,25,--,43,"43,761"
FL,Fort Pierce,38,--,52,"41,590"
FL,Apopka,18,18,38,"41,542"
FL,North Miami Beach,64,49,61,"41,523"
FL,Altamonte Springs,35,25,46,"41,496"
FL,Oakland Park,54,37,58,"41,363"
FL,University,48,41,64,"41,163"
FL,North Lauderdale,41,28,48,"41,023"
FL,Cutler Bay,27,26,49,"40,286"
FL,North Fort Myers,15,--,37,"39,407"
FL,The Acreage,4,--,30,"38,704"
FL,Ormond Beach,21,--,43,"38,137"
FL,Greenacres,34,--,44,"37,573"
FL,Hallandale Beach,56,37,62,"37,113"
FL,Panama City,34,--,47,"36,484"
FL,Kendall West,51,36,48,"36,154"
FL,Aventura,45,45,58,"35,762"
FL,South Miami Heights,41,35,51,"35,696"
FL,Ocoee,21,--,39,"35,579"
FL,Valrico,11,--,33,"35,545"
FL,Dunedin,42,25,55,"35,321"
FL,Egypt Lake-Leto,46,29,49,"35,282"
FL,St. Cloud,27,--,46,"35,183"
FL,Lake Worth,58,--,65,"34,910"
FL,Merritt Island,23,--,37,"34,743"
FL,Plant City,31,--,42,"34,721"
FL,West Little River,53,46,51,"34,699"
FL,Winter Garden,29,--,43,"34,568"
FL,Royal Palm Beach,21,--,38,"34,140"
FL,Winter Haven,26,--,43,"33,874"
FL,Carrollwood,29,23,47,"33,365"
FL,Oviedo,16,--,37,"33,342"
FL,Winter Springs,17,--,38,"33,282"
FL,Golden Glades,50,43,48,"33,145"
FL,Lauderdale Lakes,43,39,44,"32,593"
FL,Riviera Beach,35,--,52,"32,488"
FL,Land O' Lakes,12,--,35,"31,996"
FL,Richmond West,25,24,45,"31,973"
FL,Navarre,13,--,37,"31,378"
FL,University - Central,26,21,53,"31,084"
FL,East Lake,10,--,38,"30,962"
FL,Lakeside,20,--,40,"30,943"
FL,Westchester,62,38,55,"29,862"
FL,Dania Beach,52,35,61,"29,639"
FL,Fruit Cove,8,--,32,"29,362"
FL,Miami Lakes,36,28,40,"29,361"
FL,Ferry Pass,23,--,45,"28,921"
FL,Clermont,23,--,34,"28,742"
FL,Cooper City,26,15,41,"28,547"
FL,Lake Magdalene,26,21,40,"28,509"
FL,Winter Park,44,28,53,"27,852"
FL,Fleming Island,11,--,36,"27,126"
FL,DeLand,35,--,51,"27,031"
FL,University Park,57,39,58,"26,995"
FL,Casselberry,34,22,49,"26,241"
FL,Four Corners,12,--,32,"26,116"
FL,Buenaventura Lakes,17,23,32,"26,079"
FL,Meadow Woods,13,22,33,"25,558"
FL,Rockledge,20,22,37,"24,926"
FL,Key West,63,--,86,"24,649"
FL,Temple Terrace,37,32,48,"24,541"
FL,Coral Terrace,60,36,52,"24,376"
FL,Citrus Park,20,14,45,"24,252"
FL,Immokalee,26,--,44,"24,154"
FL,Keystone,7,--,33,"24,039"
FL,Parkland,13,--,36,"23,962"
FL,Golden Gate,34,--,49,"23,961"
FL,Tarpon Springs,30,18,45,"23,484"
FL,Bayonet Point,25,--,43,"23,467"
FL,Palmetto Bay,30,27,44,"23,410"
FL,Bellview,15,--,36,"23,355"
FL,Wright,37,--,45,"23,127"
FL,Palm City,13,--,37,"23,120"
FL,Vero Beach South,20,--,38,"23,092"
FL,The Crossings,49,32,47,"22,758"
FL,East Lake-Orient Park,26,28,45,"22,753"
FL,Bloomingdale,17,--,37,"22,711"
FL,Oak Ridge,40,39,55,"22,685"
FL,Leisure City,41,32,46,"22,655"
FL,Estero,13,--,41,"22,612"
FL,New Smyrna Beach,23,--,46,"22,464"
FL,Holiday,25,--,41,"22,403"
FL,South Bradenton,43,31,46,"22,178"
FL,Northdale,14,--,40,"22,079"
FL,Princeton,29,29,38,"22,038"
FL,Wekiwa Springs,17,--,36,"21,998"
FL,Sebastian,14,--,32,"21,929"
FL,Brent,23,--,42,"21,804"
FL,Westchase,22,--,44,"21,747"
FL,Hialeah Gardens,52,26,46,"21,744"
FL,Jacksonville Beach,51,--,55,"21,362"
FL,West Pensacola,35,--,49,"21,339"
FL,Palm River-Clair Mel,28,24,45,"21,024"
FL,Crestview,17,--,29,"20,978"
FL,Sunny Isles Beach,59,45,59,"20,832"
FL,Edgewater,15,--,43,"20,750"
FL,Venice,33,19,55,"20,748"
FL,Ensley,16,--,38,"20,602"
FL,Haines City,26,--,38,"20,535"
FL,Oakleaf Plantation,6,--,30,"20,315"
FL,Leesburg,27,--,43,"20,117"
FL,Pace,13,--,35,"20,039"
FL,Palm Valley,16,--,40,"20,019"
FL,Lealman,47,32,55,"19,879"
FL,Naples,36,--,47,"19,537"
FL,Ives Estates,42,31,44,"19,525"
FL,Fort Walton Beach,39,--,47,"19,507"
FL,Lutz,9,--,33,"19,344"
FL,DeBary,15,--,38,"19,320"
FL,Sun City Center,10,--,36,"19,258"
FL,Jasmine Estates,41,--,48,"18,989"
FL,Palm Springs,44,31,46,"18,928"
FL,Eustis,28,--,37,"18,558"
FL,Lynn Haven,25,--,41,"18,493"
FL,West Melbourne,22,--,43,"18,355"
FL,Pinecrest,29,33,47,"18,223"
FL,Florida Ridge,10,--,33,"18,164"
FL,Ojus,40,45,46,"18,036"
FL,Belle Glade,38,--,43,"17,467"
FL,Bartow,28,--,45,"17,298"
FL,Seminole,38,29,53,"17,233"
FL,Ruskin,13,--,37,"17,208"
FL,Cocoa,35,26,46,"17,140"
FL,Glenvar Heights,45,39,52,"16,898"
FL,Safety Harbor,22,19,44,"16,884"
FL,San Carlos Park,14,--,37,"16,824"
FL,Punta Gorda,15,--,42,"16,641"
